ISO-10303-21;
HEADER;
FILE_DESCRIPTION (( 'STEP AP214' ),
    '1' );
FILE_NAME ('dip4pin.step',
    '2020-02-20T05:26:29',
    ( '' ),
    ( '(C)Panasonic Corporation 2018' ),
    '',
    '',
    '' );
FILE_SCHEMA (( 'AUTOMOTIVE_DESIGN' ));
ENDSEC;

DATA;
#1 = AXIS2_PLACEMENT_3D ( 'NONE', #2005, #1311, #1781 ) ;
#2 = DIRECTION ( 'NONE',  ( -0.0000000000000000000, -1.000000000000000000, -0.0000000000000000000 ) ) ;
#3 = ORIENTED_EDGE ( 'NONE', *, *, #2480, .F. ) ;
#4 = LINE ( 'NONE', #2278, #852 ) ;
#5 = CARTESIAN_POINT ( 'NONE',  ( 1.705000000000000100, 3.084998761554723900, 1.799995674242883500 ) ) ;
#6 = FACE_OUTER_BOUND ( 'NONE', #1861, .T. ) ;
#7 = CARTESIAN_POINT ( 'NONE',  ( 1.035000000000000100, 3.934998761554723900, -2.800004325757116300 ) ) ;
#8 = EDGE_LOOP ( 'NONE', ( #499, #761, #466, #2378 ) ) ;
#9 = DIRECTION ( 'NONE',  ( 1.000000000000000000, 0.0000000000000000000, 0.0000000000000000000 ) ) ;
#10 = EDGE_LOOP ( 'NONE', ( #1438, #81, #1575, #2422 ) ) ;
#11 = ORIENTED_EDGE ( 'NONE', *, *, #2073, .T. ) ;
#12 = VERTEX_POINT ( 'NONE', #1026 ) ;
#13 = DIRECTION ( 'NONE',  ( 0.0000000000000000000, 1.000000000000000000, 0.0000000000000000000 ) ) ;
#14 = FACE_OUTER_BOUND ( 'NONE', #2031, .T. ) ;
#15 = DIRECTION ( 'NONE',  ( -1.000000000000000000, -0.0000000000000000000, -0.0000000000000000000 ) ) ;
#16 = CARTESIAN_POINT ( 'NONE',  ( 1.505000000000000100, 3.934998761554723900, -2.812418705823278100 ) ) ;
#17 = EDGE_CURVE ( 'NONE', #162, #532, #1684, .T. ) ;
#18 = LINE ( 'NONE', #1443, #614 ) ;
#19 = ORIENTED_EDGE ( 'NONE', *, *, #1076, .T. ) ;
#20 = DIRECTION ( 'NONE',  ( 0.0000000000000000000, 1.000000000000000000, 0.0000000000000000000 ) ) ;
#21 = VECTOR ( 'NONE', #669, 1000.000000000000000 ) ;
#22 = FILL_AREA_STYLE_COLOUR ( '', #182 ) ;
#23 = ORIENTED_EDGE ( 'NONE', *, *, #2020, .F. ) ;
#24 = AXIS2_PLACEMENT_3D ( 'NONE', #1422, #1893, #486 ) ;
#25 = LINE ( 'NONE', #750, #2672 ) ;
#26 = LINE ( 'NONE', #2909, #2184 ) ;
#27 = COLOUR_RGB ( '',0.6274509803921568500, 0.6274509803921568500, 0.6274509803921568500 ) ;
#28 = DIRECTION ( 'NONE',  ( 0.0000000000000000000, 0.0000000000000000000, 1.000000000000000000 ) ) ;
#29 = CYLINDRICAL_SURFACE ( 'NONE', #527, 0.09999999999999961700 ) ;
#30 = DIRECTION ( 'NONE',  ( 1.000000000000000000, 0.0000000000000000000, 0.0000000000000000000 ) ) ;
#31 = VECTOR ( 'NONE', #72, 1000.000000000000000 ) ;
#32 =( GEOMETRIC_REPRESENTATION_CONTEXT ( 3 ) GLOBAL_UNCERTAINTY_ASSIGNED_CONTEXT ( ( #1176 ) ) GLOBAL_UNIT_ASSIGNED_CONTEXT ( ( #1828, #1546, #625 ) ) REPRESENTATION_CONTEXT ( 'NONE', 'WORKASPACE' ) );
#33 = CARTESIAN_POINT ( 'NONE',  ( 0.7050000000000000700, 3.934998761554723900, 1.799995674242883800 ) ) ;
#34 = DIRECTION ( 'NONE',  ( 0.4290568145682860400, 0.0000000000000000000, -0.9032775043542906600 ) ) ;
#35 = CARTESIAN_POINT ( 'NONE',  ( -0.7050000000000000700, 3.934998761554723900, 1.799995674242883800 ) ) ;
#36 = EDGE_CURVE ( 'NONE', #199, #1849, #957, .T. ) ;
#37 = VERTEX_POINT ( 'NONE', #1264 ) ;
#38 = VERTEX_POINT ( 'NONE', #1698 ) ;
#39 = STYLED_ITEM ( 'NONE', ( #2533 ), #881 ) ;
#40 = FACE_OUTER_BOUND ( 'NONE', #1656, .T. ) ;
#41 = ORIENTED_EDGE ( 'NONE', *, *, #685, .T. ) ;
#42 = DIRECTION ( 'NONE',  ( 1.000000000000000000, -0.0000000000000000000, -0.0000000000000000000 ) ) ;
#43 = CARTESIAN_POINT ( 'NONE',  ( 2.103048641745470300, -2.913048641745470000, 3.200000000000000200 ) ) ;
#44 = STYLED_ITEM ( 'NONE', ( #2570 ), #1993 ) ;
#45 = VERTEX_POINT ( 'NONE', #328 ) ;
#46 = VERTEX_POINT ( 'NONE', #1920 ) ;
#47 = VERTEX_POINT ( 'NONE', #1740 ) ;
#48 = CARTESIAN_POINT ( 'NONE',  ( -1.705000000000000100, -3.634998761554724100, 1.799995674242883300 ) ) ;
#49 = ORIENTED_EDGE ( 'NONE', *, *, #1610, .F. ) ;
#50 = EDGE_LOOP ( 'NONE', ( #1953, #202, #2823, #652 ) ) ;
#51 = EDGE_CURVE ( 'NONE', #2792, #2235, #1770, .T. ) ;
#52 = EDGE_CURVE ( 'NONE', #1821, #1778, #114, .T. ) ;
#53 = CARTESIAN_POINT ( 'NONE',  ( 0.7050000000000000700, 3.734998761554724200, 1.999995674242883700 ) ) ;
#54 = LINE ( 'NONE', #1258, #2733 ) ;
#55 = EDGE_LOOP ( 'NONE', ( #2164, #1847, #120, #605 ) ) ;
#56 =( NAMED_UNIT ( * ) PLANE_ANGLE_UNIT ( ) SI_UNIT ( $, .RADIAN. ) );
#57 = AXIS2_PLACEMENT_3D ( 'NONE', #2857, #1296, #79 ) ;
#58 = DIRECTION ( 'NONE',  ( 0.0000000000000000000, -1.000000000000000000, 0.0000000000000000000 ) ) ;
#59 = ORIENTED_EDGE ( 'NONE', *, *, #785, .F. ) ;
#60 = VECTOR ( 'NONE', #2892, 1000.000000000000000 ) ;
#61 = AXIS2_PLACEMENT_3D ( 'NONE', #1803, #826, #849 ) ;
#62 =( NAMED_UNIT ( * ) PLANE_ANGLE_UNIT ( ) SI_UNIT ( $, .RADIAN. ) );
#63 = ADVANCED_FACE ( 'NONE', ( #1147 ), #2848, .T. ) ;
#64 = SURFACE_SIDE_STYLE ('',( #435 ) ) ;
#65 = DIRECTION ( 'NONE',  ( -1.000000000000000000, -0.0000000000000000000, -0.0000000000000000000 ) ) ;
#66 = DIRECTION ( 'NONE',  ( 1.000000000000000000, -0.0000000000000000000, -0.0000000000000000000 ) ) ;
#67 = CARTESIAN_POINT ( 'NONE',  ( 1.605000000000000000, -3.734998761554723800, -0.1000043257571162200 ) ) ;
#68 = VERTEX_POINT ( 'NONE', #1440 ) ;
#69 = EDGE_CURVE ( 'NONE', #2404, #199, #195, .T. ) ;
#70 = LINE ( 'NONE', #876, #1114 ) ;
#71 = DIRECTION ( 'NONE',  ( -0.4650049686007405300, 0.0000000000000000000, 0.8853080702086840700 ) ) ;
#72 = DIRECTION ( 'NONE',  ( 0.0000000000000000000, 0.0000000000000000000, -1.000000000000000000 ) ) ;
#73 = CARTESIAN_POINT ( 'NONE',  ( 0.7050000000000000700, -3.734998761554724200, 1.999995674242883700 ) ) ;
#74 = LINE ( 'NONE', #1265, #2271 ) ;
#75 = EDGE_CURVE ( 'NONE', #2303, #2792, #1573, .T. ) ;
#76 = DIRECTION ( 'NONE',  ( 1.000000000000000000, 0.0000000000000000000, 0.0000000000000000000 ) ) ;
#77 = ADVANCED_FACE ( 'NONE', ( #6 ), #2609, .T. ) ;
#78 = ORIENTED_EDGE ( 'NONE', *, *, #2316, .F. ) ;
#79 = DIRECTION ( 'NONE',  ( 0.0000000000000000000, 0.0000000000000000000, 1.000000000000000000 ) ) ;
#80 = ORIENTED_EDGE ( 'NONE', *, *, #1056, .T. ) ;
#81 = ORIENTED_EDGE ( 'NONE', *, *, #2614, .F. ) ;
#82 = VERTEX_POINT ( 'NONE', #1973 ) ;
#83 = DIRECTION ( 'NONE',  ( -0.0000000000000000000, -1.000000000000000000, -0.0000000000000000000 ) ) ;
#84 = EDGE_CURVE ( 'NONE', #2280, #37, #420, .T. ) ;
#85 = LINE ( 'NONE', #846, #1998 ) ;
#86 = DIRECTION ( 'NONE',  ( -1.000000000000000000, 0.0000000000000000000, 0.0000000000000000000 ) ) ;
#87 = AXIS2_PLACEMENT_3D ( 'NONE', #1153, #1609, #2580 ) ;
#88 = DIRECTION ( 'NONE',  ( -1.000000000000000000, -0.0000000000000000000, 0.0000000000000000000 ) ) ;
#89 = CARTESIAN_POINT ( 'NONE',  ( 0.8050000000000001600, 3.734998761554723800, 0.09999567424288377500 ) ) ;
#90 = UNCERTAINTY_MEASURE_WITH_UNIT (LENGTH_MEASURE( 1.000000000000000100E-005 ), #450, 'distance_accuracy_value', 'NONE');
#91 = VECTOR ( 'NONE', #1092, 1000.000000000000000 ) ;
#92 = FILL_AREA_STYLE_COLOUR ( '', #2667 ) ;
#93 = LINE ( 'NONE', #1670, #2631 ) ;
#94 = ORIENTED_EDGE ( 'NONE', *, *, #575, .T. ) ;
#95 = UNCERTAINTY_MEASURE_WITH_UNIT (LENGTH_MEASURE( 1.000000000000000100E-005 ), #969, 'distance_accuracy_value', 'NONE');
#96 = EDGE_CURVE ( 'NONE', #940, #1969, #707, .T. ) ;
#97 = LINE ( 'NONE', #1399, #1554 ) ;
#98 = DIRECTION ( 'NONE',  ( 0.0000000000000000000, -1.000000000000000000, 0.0000000000000000000 ) ) ;
#99 = EDGE_LOOP ( 'NONE', ( #1651, #1648, #1340, #723 ) ) ;
#100 = DIRECTION ( 'NONE',  ( -0.0000000000000000000, 1.000000000000000000, -0.0000000000000000000 ) ) ;
#101 = ADVANCED_FACE ( 'NONE', ( #1608 ), #1294, .F. ) ;
#102 = CIRCLE ( 'NONE', #1025, 0.1000000000000000100 ) ;
#103 = DIRECTION ( 'NONE',  ( -1.000000000000000000, 0.0000000000000000000, -0.0000000000000000000 ) ) ;
#104 = DIRECTION ( 'NONE',  ( -1.000000000000000000, -0.0000000000000000000, -0.0000000000000000000 ) ) ;
#105 =( NAMED_UNIT ( * ) SI_UNIT ( $, .STERADIAN. ) SOLID_ANGLE_UNIT ( ) );
#106 = SURFACE_STYLE_FILL_AREA ( #1910 ) ;
#107 = CARTESIAN_POINT ( 'NONE',  ( 1.505000000000000100, 3.934998761554723900, -2.812418705823278100 ) ) ;
#108 = ORIENTED_EDGE ( 'NONE', *, *, #632, .T. ) ;
#109 = EDGE_CURVE ( 'NONE', #642, #2677, #2936, .T. ) ;
#110 = DIRECTION ( 'NONE',  ( 0.2035585949527793400, -0.2035585949527793400, 0.9576678948579725500 ) ) ;
#111 = CARTESIAN_POINT ( 'NONE',  ( -0.7050000000000000700, 3.634998761554724100, 1.699995674242883700 ) ) ;
#112 = ORIENTED_EDGE ( 'NONE', *, *, #2923, .T. ) ;
#113 = DIRECTION ( 'NONE',  ( -0.0000000000000000000, -1.000000000000000000, -0.0000000000000000000 ) ) ;
#114 = CIRCLE ( 'NONE', #219, 0.1000000000000000100 ) ;
#115 = CARTESIAN_POINT ( 'NONE',  ( 0.7050000000000000700, 3.934998761554723900, 1.799995674242883800 ) ) ;
#116 = EDGE_CURVE ( 'NONE', #904, #344, #1253, .T. ) ;
#117 = ORIENTED_EDGE ( 'NONE', *, *, #2387, .T. ) ;
#118 = CARTESIAN_POINT ( 'NONE',  ( -1.705000000000000100, -3.634998761554724100, 1.699995674242883700 ) ) ;
#119 = CARTESIAN_POINT ( 'NONE',  ( -1.750864921821956500, -1.851434140000000100, 3.100000000000000500 ) ) ;
#120 = ORIENTED_EDGE ( 'NONE', *, *, #2859, .T. ) ;
#121 = VERTEX_POINT ( 'NONE', #1764 ) ;
#122 = ORIENTED_EDGE ( 'NONE', *, *, #2800, .F. ) ;
#123 = EDGE_CURVE ( 'NONE', #733, #2889, #639, .T. ) ;
#124 = ORIENTED_EDGE ( 'NONE', *, *, #603, .T. ) ;
#125 = AXIS2_PLACEMENT_3D ( 'NONE', #1407, #1866, #2751 ) ;
#126 = CARTESIAN_POINT ( 'NONE',  ( 0.9350000000000000500, 3.934998761554723900, -0.1000043257571162200 ) ) ;
#127 = DIRECTION ( 'NONE',  ( 0.0000000000000000000, -1.000000000000000000, 0.0000000000000000000 ) ) ;
#128 = PLANE ( 'NONE',  #2551 ) ;
#129 = ORIENTED_EDGE ( 'NONE', *, *, #2838, .T. ) ;
#130 = EDGE_CURVE ( 'NONE', #1650, #2722, #1504, .T. ) ;
#131 = CARTESIAN_POINT ( 'NONE',  ( 1.505000000000000100, 3.734998761554723800, -0.1000043257571160600 ) ) ;
#132 = ADVANCED_FACE ( 'NONE', ( #2517 ), #1015, .F. ) ;
#133 = FACE_OUTER_BOUND ( 'NONE', #2972, .T. ) ;
#134 = PLANE ( 'NONE',  #1361 ) ;
#135 = CARTESIAN_POINT ( 'NONE',  ( -1.605000000000000000, 3.734998761554724200, 0.09999567424288381700 ) ) ;
#136 = FACE_OUTER_BOUND ( 'NONE', #2046, .T. ) ;
#137 = ORIENTED_EDGE ( 'NONE', *, *, #407, .F. ) ;
#138 = VECTOR ( 'NONE', #1216, 1000.000000000000000 ) ;
#139 = PRODUCT_DEFINITION_CONTEXT ( 'detailed design', #1567, 'design' ) ;
#140 = FACE_OUTER_BOUND ( 'NONE', #1072, .T. ) ;
#141 = DIRECTION ( 'NONE',  ( -0.0000000000000000000, 1.000000000000000000, -0.0000000000000000000 ) ) ;
#142 = DIRECTION ( 'NONE',  ( 0.0000000000000000000, -1.000000000000000000, 0.0000000000000000000 ) ) ;
#143 = LINE ( 'NONE', #1889, #2538 ) ;
#144 = ORIENTED_EDGE ( 'NONE', *, *, #1409, .F. ) ;
#145 = LINE ( 'NONE', #896, #244 ) ;
#146 = EDGE_CURVE ( 'NONE', #199, #1221, #2719, .T. ) ;
#147 = SURFACE_STYLE_FILL_AREA ( #2505 ) ;
#148 = CARTESIAN_POINT ( 'NONE',  ( 0.7050000000000000700, 3.734998761554723800, -3.000004325757116100 ) ) ;
#149 = CARTESIAN_POINT ( 'NONE',  ( -1.605000000000000000, -3.934998761554723900, -4.325757116211104400E-006 ) ) ;
#150 =( GEOMETRIC_REPRESENTATION_CONTEXT ( 3 ) GLOBAL_UNCERTAINTY_ASSIGNED_CONTEXT ( ( #2563 ) ) GLOBAL_UNIT_ASSIGNED_CONTEXT ( ( #2339, #223, #1871 ) ) REPRESENTATION_CONTEXT ( 'NONE', 'WORKASPACE' ) );
#151 = DIRECTION ( 'NONE',  ( 0.0000000000000000000, 0.0000000000000000000, 1.000000000000000000 ) ) ;
#152 = DIRECTION ( 'NONE',  ( 0.0000000000000000000, 0.0000000000000000000, -1.000000000000000000 ) ) ;
#153 = CARTESIAN_POINT ( 'NONE',  ( 1.035000000000000100, -3.934998761554723900, 0.0000000000000000000 ) ) ;
#154 = AXIS2_PLACEMENT_3D ( 'NONE', #2682, #2016, #2461 ) ;
#155 = VERTEX_POINT ( 'NONE', #2196 ) ;
#156 = ORIENTED_EDGE ( 'NONE', *, *, #326, .F. ) ;
#157 = CARTESIAN_POINT ( 'NONE',  ( 1.406207190033080400, -3.934998761554723900, -3.000004325757116100 ) ) ;
#158 = VECTOR ( 'NONE', #2259, 1000.000000000000000 ) ;
#159 = CARTESIAN_POINT ( 'NONE',  ( 0.7050000000000000700, 3.634998761554724100, 1.799995674242883500 ) ) ;
#160 = EDGE_CURVE ( 'NONE', #1778, #2636, #1645, .T. ) ;
#161 = CARTESIAN_POINT ( 'NONE',  ( 0.7050000000000000700, 3.734998761554723800, 1.699995674242883700 ) ) ;
#162 = VERTEX_POINT ( 'NONE', #2402 ) ;
#163 = EDGE_CURVE ( 'NONE', #2781, #2376, #74, .T. ) ;
#164 = ORIENTED_EDGE ( 'NONE', *, *, #2084, .T. ) ;
#165 = ORIENTED_EDGE ( 'NONE', *, *, #1702, .T. ) ;
#166 = PLANE ( 'NONE',  #2574 ) ;
#167 = EDGE_CURVE ( 'NONE', #2344, #667, #1809, .T. ) ;
#168 = ADVANCED_FACE ( 'NONE', ( #2442 ), #2869, .F. ) ;
#169 = ORIENTED_EDGE ( 'NONE', *, *, #451, .T. ) ;
#170 = ORIENTED_EDGE ( 'NONE', *, *, #407, .T. ) ;
#171 = LINE ( 'NONE', #1530, #931 ) ;
#172 = LINE ( 'NONE', #1302, #1094 ) ;
#173 = LINE ( 'NONE', #2366, #1195 ) ;
#174 = ORIENTED_EDGE ( 'NONE', *, *, #2820, .F. ) ;
#175 = DIRECTION ( 'NONE',  ( 0.0000000000000000000, 0.0000000000000000000, 1.000000000000000000 ) ) ;
#176 = VECTOR ( 'NONE', #1631, 1000.000000000000000 ) ;
#177 = ORIENTED_EDGE ( 'NONE', *, *, #2692, .T. ) ;
#178 = LINE ( 'NONE', #1212, #2567 ) ;
#179 = CARTESIAN_POINT ( 'NONE',  ( 0.0000000000000000000, 3.934998761554723900, -4.325757116223349900E-006 ) ) ;
#180 = VECTOR ( 'NONE', #2782, 1000.000000000000000 ) ;
#181 = ADVANCED_FACE ( 'NONE', ( #40 ), #2652, .T. ) ;
#182 = COLOUR_RGB ( '',0.7921568627450980000, 0.8196078431372548800, 0.9333333333333333500 ) ;
#183 = EDGE_CURVE ( 'NONE', #1088, #940, #1843, .T. ) ;
#184 = ORIENTED_EDGE ( 'NONE', *, *, #1357, .F. ) ;
#185 = DIRECTION ( 'NONE',  ( 0.0000000000000000000, 0.0000000000000000000, 1.000000000000000000 ) ) ;
#186 = PRESENTATION_LAYER_ASSIGNMENT (  '', '', ( #699 ) ) ;
#187 = CARTESIAN_POINT ( 'NONE',  ( -1.705000000000000100, 3.084998761554723900, 1.799995674242883500 ) ) ;
#188 = CARTESIAN_POINT ( 'NONE',  ( 1.035000000000000100, 3.934998761554723900, 0.0000000000000000000 ) ) ;
#189 = DIRECTION ( 'NONE',  ( -0.0000000000000000000, -0.0000000000000000000, 1.000000000000000000 ) ) ;
#190 =( NAMED_UNIT ( * ) SI_UNIT ( $, .STERADIAN. ) SOLID_ANGLE_UNIT ( ) );
#191 = ORIENTED_EDGE ( 'NONE', *, *, #1841, .T. ) ;
#192 = CARTESIAN_POINT ( 'NONE',  ( -0.7050000000000000700, 3.934998761554723900, -3.000004325757116100 ) ) ;
#193 = UNCERTAINTY_MEASURE_WITH_UNIT (LENGTH_MEASURE( 1.000000000000000100E-005 ), #2958, 'distance_accuracy_value', 'NONE');
#194 = CARTESIAN_POINT ( 'NONE',  ( 0.7050000000000000700, -3.084998761554723900, 1.999995674242884200 ) ) ;
#195 = LINE ( 'NONE', #770, #2821 ) ;
#196 = CARTESIAN_POINT ( 'NONE',  ( -1.035000000000000100, 3.934998761554723900, -2.800004325757116300 ) ) ;
#197 = ORIENTED_EDGE ( 'NONE', *, *, #2246, .T. ) ;
#198 = EDGE_CURVE ( 'NONE', #1088, #606, #261, .T. ) ;
#199 = VERTEX_POINT ( 'NONE', #1251 ) ;
#200 = ORIENTED_EDGE ( 'NONE', *, *, #2614, .T. ) ;
#201 = FILL_AREA_STYLE_COLOUR ( '', #2324 ) ;
#202 = ORIENTED_EDGE ( 'NONE', *, *, #1584, .T. ) ;
#203 = DIRECTION ( 'NONE',  ( -0.4650049686007405300, 0.0000000000000000000, 0.8853080702086840700 ) ) ;
#204 = PRESENTATION_LAYER_ASSIGNMENT (  '', '', ( #39 ) ) ;
#205 = CARTESIAN_POINT ( 'NONE',  ( -0.9912270237025777600, -1.851434140000000100, 3.100000000000000500 ) ) ;
#206 = LINE ( 'NONE', #1736, #900 ) ;
#207 = AXIS2_PLACEMENT_3D ( 'NONE', #2948, #2313, #1148 ) ;
#208 = DIRECTION ( 'NONE',  ( -0.0000000000000000000, 1.000000000000000000, 0.0000000000000000000 ) ) ;
#209 = VECTOR ( 'NONE', #2151, 1000.000000000000000 ) ;
#210 = VERTEX_POINT ( 'NONE', #562 ) ;
#211 = PRESENTATION_STYLE_ASSIGNMENT (( #2332 ) ) ;
#212 = VECTOR ( 'NONE', #2854, 1000.000000000000000 ) ;
#213 = EDGE_CURVE ( 'NONE', #296, #1223, #1033, .T. ) ;
#214 = LINE ( 'NONE', #2072, #21 ) ;
#215 = CARTESIAN_POINT ( 'NONE',  ( 0.9350000000000000500, 3.934998761554723900, -4.325757116223349900E-006 ) ) ;
#216 = ORIENTED_EDGE ( 'NONE', *, *, #919, .F. ) ;
#217 = CARTESIAN_POINT ( 'NONE',  ( 1.035000000000000100, -3.734998761554723800, -3.000004325757116100 ) ) ;
#218 = EDGE_CURVE ( 'NONE', #488, #926, #813, .T. ) ;
#219 = AXIS2_PLACEMENT_3D ( 'NONE', #1709, #1247, #1963 ) ;
#220 =( NAMED_UNIT ( * ) SI_UNIT ( $, .STERADIAN. ) SOLID_ANGLE_UNIT ( ) );
#221 = MECHANICAL_DESIGN_GEOMETRIC_PRESENTATION_REPRESENTATION (  '', ( #1005 ), #1856 ) ;
#222 = DIRECTION ( 'NONE',  ( -0.4650049686007405300, 0.0000000000000000000, 0.8853080702086840700 ) ) ;
#223 =( NAMED_UNIT ( * ) PLANE_ANGLE_UNIT ( ) SI_UNIT ( $, .RADIAN. ) );
#224 = VECTOR ( 'NONE', #1358, 1000.000000000000000 ) ;
#225 = ORIENTED_EDGE ( 'NONE', *, *, #765, .F. ) ;
#226 =( NAMED_UNIT ( * ) PLANE_ANGLE_UNIT ( ) SI_UNIT ( $, .RADIAN. ) );
#227 = ORIENTED_EDGE ( 'NONE', *, *, #2729, .F. ) ;
#228 = VERTEX_POINT ( 'NONE', #552 ) ;
#229 = ORIENTED_EDGE ( 'NONE', *, *, #2416, .T. ) ;
#230 = VERTEX_POINT ( 'NONE', #1027 ) ;
#231 = VERTEX_POINT ( 'NONE', #2640 ) ;
#232 = FACE_OUTER_BOUND ( 'NONE', #307, .T. ) ;
#233 = CARTESIAN_POINT ( 'NONE',  ( -1.605000000000000000, 3.934998761554723900, -4.325757116211104400E-006 ) ) ;
#234 = EDGE_CURVE ( 'NONE', #121, #2670, #2970, .T. ) ;
#235 = CARTESIAN_POINT ( 'NONE',  ( 0.9350000000000000500, 3.934998761554723900, -0.1000043257571162200 ) ) ;
#236 = VECTOR ( 'NONE', #1999, 1000.000000000000000 ) ;
#237 = EDGE_CURVE ( 'NONE', #2451, #2404, #2894, .T. ) ;
#238 = MECHANICAL_DESIGN_GEOMETRIC_PRESENTATION_REPRESENTATION (  '', ( #1510 ), #2438 ) ;
#239 = CIRCLE ( 'NONE', #2625, 0.09999999999999999200 ) ;
#240 = ORIENTED_EDGE ( 'NONE', *, *, #69, .F. ) ;
#241 = VECTOR ( 'NONE', #549, 1000.000000000000000 ) ;
#242 = FACE_OUTER_BOUND ( 'NONE', #2727, .T. ) ;
#243 = VERTEX_POINT ( 'NONE', #1562 ) ;
#244 = VECTOR ( 'NONE', #1582, 999.9999999999998900 ) ;
#245 = AXIS2_PLACEMENT_3D ( 'NONE', #2780, #2558, #484 ) ;
#246 = CARTESIAN_POINT ( 'NONE',  ( 0.7050000000000000700, -3.084998761554723900, 1.999995674242884200 ) ) ;
#247 = CARTESIAN_POINT ( 'NONE',  ( 1.129999999999999700, 3.734998761554723800, -3.000004325757116100 ) ) ;
#248 = FACE_OUTER_BOUND ( 'NONE', #1683, .T. ) ;
#249 = FACE_OUTER_BOUND ( 'NONE', #1696, .T. ) ;
#250 = ORIENTED_EDGE ( 'NONE', *, *, #883, .F. ) ;
#251 = DIRECTION ( 'NONE',  ( 0.0000000000000000000, 0.0000000000000000000, 1.000000000000000000 ) ) ;
#252 = EDGE_CURVE ( 'NONE', #1615, #1854, #2752, .T. ) ;
#253 = CARTESIAN_POINT ( 'NONE',  ( 1.705000000000000100, -3.934998761554723900, 1.799995674242883800 ) ) ;
#254 = DIRECTION ( 'NONE',  ( -1.000000000000000000, 0.0000000000000000000, 0.0000000000000000000 ) ) ;
#255 = AXIS2_PLACEMENT_3D ( 'NONE', #1746, #2172, #2613 ) ;
#256 = VERTEX_POINT ( 'NONE', #803 ) ;
#257 = CARTESIAN_POINT ( 'NONE',  ( 0.7050000000000000700, 3.634998761554724100, 1.799995674242883500 ) ) ;
#258 = VERTEX_POINT ( 'NONE', #615 ) ;
#259 = CARTESIAN_POINT ( 'NONE',  ( -0.9350000000000000500, 3.734998761554723800, -0.1000043257571162200 ) ) ;
#260 = DIRECTION ( 'NONE',  ( -0.8847946768411174600, 0.0000000000000000000, 0.4659810938585626800 ) ) ;
#261 = LINE ( 'NONE', #341, #2790 ) ;
#262 = DIRECTION ( 'NONE',  ( 0.0000000000000000000, -1.000000000000000000, 0.0000000000000000000 ) ) ;
#263 = ORIENTED_EDGE ( 'NONE', *, *, #1020, .T. ) ;
#264 = DIRECTION ( 'NONE',  ( 0.2035585949527793400, 0.2035585949527793400, 0.9576678948579725500 ) ) ;
#265 = EDGE_CURVE ( 'NONE', #1854, #2942, #1181, .T. ) ;
#266 = ORIENTED_EDGE ( 'NONE', *, *, #990, .F. ) ;
#267 = ORIENTED_EDGE ( 'NONE', *, *, #2479, .F. ) ;
#268 = ORIENTED_EDGE ( 'NONE', *, *, #1815, .F. ) ;
#269 = CARTESIAN_POINT ( 'NONE',  ( -0.9912270237025777600, -1.851434140000000100, 3.200000000000000200 ) ) ;
#270 = VERTEX_POINT ( 'NONE', #2232 ) ;
#271 = DIRECTION ( 'NONE',  ( -1.000000000000000000, 0.0000000000000000000, 0.0000000000000000000 ) ) ;
#272 = AXIS2_PLACEMENT_3D ( 'NONE', #349, #1994, #1385 ) ;
#273 = FACE_OUTER_BOUND ( 'NONE', #2169, .T. ) ;
#274 = DIRECTION ( 'NONE',  ( 0.0000000000000000000, 0.0000000000000000000, -1.000000000000000000 ) ) ;
#275 = VECTOR ( 'NONE', #1509, 1000.000000000000000 ) ;
#276 = ORIENTED_EDGE ( 'NONE', *, *, #1091, .T. ) ;
#277 = LINE ( 'NONE', #2612, #1743 ) ;
#278 = EDGE_CURVE ( 'NONE', #296, #1912, #1807, .T. ) ;
#279 = PRESENTATION_LAYER_ASSIGNMENT (  '', '', ( #662 ) ) ;
#280 = FACE_OUTER_BOUND ( 'NONE', #572, .T. ) ;
#281 = FACE_OUTER_BOUND ( 'NONE', #2436, .T. ) ;
#282 = CARTESIAN_POINT ( 'NONE',  ( -1.129999999999999700, -3.934998761554723900, -3.000004325757116100 ) ) ;
#283 = EDGE_CURVE ( 'NONE', #2235, #230, #2158, .T. ) ;
#284 = PRESENTATION_STYLE_ASSIGNMENT (( #1208 ) ) ;
#285 = STYLED_ITEM ( 'NONE', ( #2736 ), #2881 ) ;
#286 = DIRECTION ( 'NONE',  ( -0.0000000000000000000, 1.000000000000000000, -0.0000000000000000000 ) ) ;
#287 = CARTESIAN_POINT ( 'NONE',  ( -1.505000000000000100, 3.734998761554723800, -0.1000043257571160600 ) ) ;
#288 = ORIENTED_EDGE ( 'NONE', *, *, #2663, .T. ) ;
#289 = CARTESIAN_POINT ( 'NONE',  ( -1.705000000000000100, 3.734998761554723800, -3.000004325757116100 ) ) ;
#290 =( LENGTH_UNIT ( ) NAMED_UNIT ( * ) SI_UNIT ( .MILLI., .METRE. ) );
#291 = EDGE_CURVE ( 'NONE', #2371, #162, #1331, .T. ) ;
#292 = CARTESIAN_POINT ( 'NONE',  ( 0.8050000000000001600, -3.934998761554723900, -4.325757116223349900E-006 ) ) ;
#293 = CARTESIAN_POINT ( 'NONE',  ( -1.605000000000000000, -3.934998761554723900, -0.1000043257571162200 ) ) ;
#294 = AXIS2_PLACEMENT_3D ( 'NONE', #942, #483, #2125 ) ;
#295 = CIRCLE ( 'NONE', #2062, 0.09999999999999961700 ) ;
#296 = VERTEX_POINT ( 'NONE', #2247 ) ;
#297 = DIRECTION ( 'NONE',  ( 0.0000000000000000000, 0.0000000000000000000, 1.000000000000000000 ) ) ;
#298 = DIRECTION ( 'NONE',  ( 0.0000000000000000000, -0.0000000000000000000, -1.000000000000000000 ) ) ;
#299 = PRESENTATION_LAYER_ASSIGNMENT (  '', '', ( #2542 ) ) ;
#300 = ORIENTED_EDGE ( 'NONE', *, *, #1108, .F. ) ;
#301 = EDGE_LOOP ( 'NONE', ( #383, #2412, #2203, #2148 ) ) ;
#302 = EDGE_LOOP ( 'NONE', ( #165, #2992, #927, #169 ) ) ;
#303 = PLANE ( 'NONE',  #2883 ) ;
#304 = ORIENTED_EDGE ( 'NONE', *, *, #1532, .T. ) ;
#305 = VERTEX_POINT ( 'NONE', #161 ) ;
#306 = DIRECTION ( 'NONE',  ( 0.0000000000000000000, -1.000000000000000000, 0.0000000000000000000 ) ) ;
#307 = EDGE_LOOP ( 'NONE', ( #2100, #225, #1551, #1191 ) ) ;
#308 = CYLINDRICAL_SURFACE ( 'NONE', #2250, 0.7596378981193785400 ) ;
#309 = DIRECTION ( 'NONE',  ( -0.0000000000000000000, 1.000000000000000000, -0.0000000000000000000 ) ) ;
#310 = LINE ( 'NONE', #1077, #1343 ) ;
#311 = EDGE_CURVE ( 'NONE', #2554, #1821, #2336, .T. ) ;
#312 = DIRECTION ( 'NONE',  ( 0.0000000000000000000, 0.0000000000000000000, 1.000000000000000000 ) ) ;
#313 = ADVANCED_FACE ( 'NONE', ( #2933 ), #1075, .F. ) ;
#314 = ORIENTED_EDGE ( 'NONE', *, *, #2338, .F. ) ;
#315 = FACE_OUTER_BOUND ( 'NONE', #1290, .T. ) ;
#316 = CARTESIAN_POINT ( 'NONE',  ( 0.7050000000000000700, -3.734998761554723800, 0.09999567424288360900 ) ) ;
#317 =( GEOMETRIC_REPRESENTATION_CONTEXT ( 3 ) GLOBAL_UNCERTAINTY_ASSIGNED_CONTEXT ( ( #548 ) ) GLOBAL_UNIT_ASSIGNED_CONTEXT ( ( #1833, #665, #1819 ) ) REPRESENTATION_CONTEXT ( 'NONE', 'WORKASPACE' ) );
#318 = CARTESIAN_POINT ( 'NONE',  ( -0.9350000000000000500, 3.934998761554723900, -4.325757116223349900E-006 ) ) ;
#319 = ORIENTED_EDGE ( 'NONE', *, *, #2145, .F. ) ;
#320 = DIRECTION ( 'NONE',  ( 0.0000000000000000000, -1.000000000000000000, -0.0000000000000000000 ) ) ;
#321 = VECTOR ( 'NONE', #1836, 1000.000000000000200 ) ;
#322 = CIRCLE ( 'NONE', #2018, 0.2000000000000000900 ) ;
#323 = DIRECTION ( 'NONE',  ( 0.0000000000000000000, 0.0000000000000000000, 1.000000000000000000 ) ) ;
#324 = CARTESIAN_POINT ( 'NONE',  ( -1.705000000000000100, -3.084998761554723900, 1.999995674242884200 ) ) ;
#325 = DIRECTION ( 'NONE',  ( 0.0000000000000000000, 0.0000000000000000000, -1.000000000000000000 ) ) ;
#326 = EDGE_CURVE ( 'NONE', #68, #2553, #2610, .T. ) ;
#327 = DIRECTION ( 'NONE',  ( 0.0000000000000000000, 0.9781476007338055800, -0.2079116908177597900 ) ) ;
#328 = CARTESIAN_POINT ( 'NONE',  ( -1.035000000000000100, -3.934998761554723900, -0.1000043257571162200 ) ) ;
#329 = ADVANCED_FACE ( 'NONE', ( #775 ), #2898, .F. ) ;
#330 = CARTESIAN_POINT ( 'NONE',  ( -0.7050000000000000700, -3.084998761554723900, 1.799995674242883500 ) ) ;
#331 = ORIENTED_EDGE ( 'NONE', *, *, #2729, .T. ) ;
#332 = DIRECTION ( 'NONE',  ( 0.0000000000000000000, 1.000000000000000000, 0.0000000000000000000 ) ) ;
#333 = DIRECTION ( 'NONE',  ( 0.0000000000000000000, 1.000000000000000000, 0.0000000000000000000 ) ) ;
#334 = ORIENTED_EDGE ( 'NONE', *, *, #2767, .F. ) ;
#335 = EDGE_CURVE ( 'NONE', #413, #804, #705, .T. ) ;
#336 = CARTESIAN_POINT ( 'NONE',  ( -0.7050000000000000700, -3.734998761554723800, -3.000004325757116100 ) ) ;
#337 = DIRECTION ( 'NONE',  ( 0.0000000000000000000, 1.000000000000000000, 0.0000000000000000000 ) ) ;
#338 = AXIS2_PLACEMENT_3D ( 'NONE', #2403, #1461, #1966 ) ;
#339 = EDGE_CURVE ( 'NONE', #733, #629, #2026, .T. ) ;
#340 = ORIENTED_EDGE ( 'NONE', *, *, #1885, .T. ) ;
#341 = CARTESIAN_POINT ( 'NONE',  ( 1.051761856195818600, -3.734998761554723800, -2.835292444064103200 ) ) ;
#342 = ORIENTED_EDGE ( 'NONE', *, *, #2239, .F. ) ;
#343 = ORIENTED_EDGE ( 'NONE', *, *, #368, .T. ) ;
#344 = VERTEX_POINT ( 'NONE', #1324 ) ;
#345 = CYLINDRICAL_SURFACE ( 'NONE', #638, 0.1000000000000000100 ) ;
#346 = FILL_AREA_STYLE_COLOUR ( '', #432 ) ;
#347 = ADVANCED_FACE ( 'NONE', ( #2684 ), #128, .T. ) ;
#348 = ORIENTED_EDGE ( 'NONE', *, *, #2678, .T. ) ;
#349 = CARTESIAN_POINT ( 'NONE',  ( -0.8050000000000001600, 3.934998761554723900, 0.09999567424288377500 ) ) ;
#350 = LINE ( 'NONE', #2784, #1310 ) ;
#351 =( LENGTH_UNIT ( ) NAMED_UNIT ( * ) SI_UNIT ( .MILLI., .METRE. ) );
#352 = EDGE_CURVE ( 'NONE', #1088, #1811, #70, .T. ) ;
#353 = CYLINDRICAL_SURFACE ( 'NONE', #1774, 0.2000000000000000900 ) ;
#354 = EDGE_LOOP ( 'NONE', ( #2027, #1083, #2135, #744 ) ) ;
#355 = CYLINDRICAL_SURFACE ( 'NONE', #630, 0.1000000000000000100 ) ;
#356 = LINE ( 'NONE', #700, #2738 ) ;
#357 = DIRECTION ( 'NONE',  ( 0.0000000000000000000, 0.0000000000000000000, 1.000000000000000000 ) ) ;
#358 = AXIS2_PLACEMENT_3D ( 'NONE', #1946, #1938, #2844 ) ;
#359 = LINE ( 'NONE', #2831, #2147 ) ;
#360 = CARTESIAN_POINT ( 'NONE',  ( 0.7050000000000000700, 3.084998761554723900, 1.999995674242884200 ) ) ;
#361 =( NAMED_UNIT ( * ) PLANE_ANGLE_UNIT ( ) SI_UNIT ( $, .RADIAN. ) );
#362 = COLOUR_RGB ( '',0.6274509803921568500, 0.6274509803921568500, 0.6274509803921568500 ) ;
#363 = ADVANCED_FACE ( 'NONE', ( #920 ), #2499, .F. ) ;
#364 = DIRECTION ( 'NONE',  ( -1.000000000000000000, 0.0000000000000000000, 0.0000000000000000000 ) ) ;
#365 = ORIENTED_EDGE ( 'NONE', *, *, #2268, .F. ) ;
#366 = AXIS2_PLACEMENT_3D ( 'NONE', #468, #928, #2764 ) ;
#367 = DIRECTION ( 'NONE',  ( 1.000000000000000000, -0.0000000000000000000, -0.0000000000000000000 ) ) ;
#368 = EDGE_CURVE ( 'NONE', #258, #856, #295, .T. ) ;
#369 = DIRECTION ( 'NONE',  ( -0.4659810938585626800, 0.0000000000000000000, -0.8847946768411174600 ) ) ;
#370 = PLANE ( 'NONE',  #1642 ) ;
#371 = CARTESIAN_POINT ( 'NONE',  ( 0.7050000000000000700, -3.734998761554724200, 1.799995674242883800 ) ) ;
#372 = ORIENTED_EDGE ( 'NONE', *, *, #51, .T. ) ;
#373 = DIRECTION ( 'NONE',  ( -0.0000000000000000000, 1.000000000000000000, -0.0000000000000000000 ) ) ;
#374 = EDGE_CURVE ( 'NONE', #2528, #2124, #4, .T. ) ;
#375 = DIRECTION ( 'NONE',  ( -1.000000000000000000, 0.0000000000000000000, 0.0000000000000000000 ) ) ;
#376 = DIRECTION ( 'NONE',  ( 0.9781476007338055800, 0.0000000000000000000, -0.2079116908177597900 ) ) ;
#377 = AXIS2_PLACEMENT_3D ( 'NONE', #1276, #1500, #2885 ) ;
#378 = ADVANCED_FACE ( 'NONE', ( #2485 ), #2524, .F. ) ;
#379 = VERTEX_POINT ( 'NONE', #1135 ) ;
#380 = DIRECTION ( 'NONE',  ( 0.0000000000000000000, 0.0000000000000000000, 1.000000000000000000 ) ) ;
#381 = DIRECTION ( 'NONE',  ( 0.0000000000000000000, 1.000000000000000000, -6.672013369141566200E-016 ) ) ;
#382 = ORIENTED_EDGE ( 'NONE', *, *, #1985, .T. ) ;
#383 = ORIENTED_EDGE ( 'NONE', *, *, #2173, .T. ) ;
#384 = EDGE_LOOP ( 'NONE', ( #871, #955, #462, #2932 ) ) ;
#385 = PRESENTATION_LAYER_ASSIGNMENT (  '', '', ( #1005 ) ) ;
#386 = CARTESIAN_POINT ( 'NONE',  ( -0.7050000000000000700, 3.934998761554723900, 1.799995674242883800 ) ) ;
#387 = DIRECTION ( 'NONE',  ( 0.0000000000000000000, 0.0000000000000000000, 1.000000000000000000 ) ) ;
#388 = EDGE_LOOP ( 'NONE', ( #2582, #676, #607, #200, #124, #1555, #1378, #843, #2839, #820, #745, #250, #2310 ) ) ;
#389 = ORIENTED_EDGE ( 'NONE', *, *, #670, .F. ) ;
#390 = VECTOR ( 'NONE', #901, 1000.000000000000000 ) ;
#391 = CARTESIAN_POINT ( 'NONE',  ( 1.705000000000000100, 3.634998761554724100, 1.799995674242883300 ) ) ;
#392 = VECTOR ( 'NONE', #2207, 1000.000000000000000 ) ;
#393 = CARTESIAN_POINT ( 'NONE',  ( -2.389999999999999700, -3.200000000000000200, 1.850000000000000100 ) ) ;
#394 = APPLICATION_PROTOCOL_DEFINITION ( 'draft international standard', 'automotive_design', 1998, #2937 ) ;
#395 = ORIENTED_EDGE ( 'NONE', *, *, #1357, .T. ) ;
#396 = VECTOR ( 'NONE', #152, 1000.000000000000000 ) ;
#397 = ADVANCED_FACE ( 'NONE', ( #1879 ), #1374, .T. ) ;
#398 = DIRECTION ( 'NONE',  ( 0.0000000000000000000, 0.0000000000000000000, -1.000000000000000000 ) ) ;
#399 = DIRECTION ( 'NONE',  ( 0.0000000000000000000, 0.0000000000000000000, -1.000000000000000000 ) ) ;
#400 = CIRCLE ( 'NONE', #1044, 0.1000000000000000100 ) ;
#401 = ORIENTED_EDGE ( 'NONE', *, *, #461, .T. ) ;
#402 = FACE_OUTER_BOUND ( 'NONE', #2213, .T. ) ;
#403 = EDGE_CURVE ( 'NONE', #38, #733, #1725, .T. ) ;
#404 = LINE ( 'NONE', #1307, #60 ) ;
#405 = VECTOR ( 'NONE', #2065, 1000.000000000000100 ) ;
#406 = DIRECTION ( 'NONE',  ( 1.000000000000000000, 0.0000000000000000000, 0.0000000000000000000 ) ) ;
#407 = EDGE_CURVE ( 'NONE', #2007, #1732, #1951, .T. ) ;
#408 = DIRECTION ( 'NONE',  ( -0.9781476007338055800, 0.0000000000000000000, -0.2079116908177597900 ) ) ;
#409 =( NAMED_UNIT ( * ) SI_UNIT ( $, .STERADIAN. ) SOLID_ANGLE_UNIT ( ) );
#410 = AXIS2_PLACEMENT_3D ( 'NONE', #1535, #2687, #151 ) ;
#411 = DIRECTION ( 'NONE',  ( -0.0000000000000000000, -1.000000000000000000, -0.0000000000000000000 ) ) ;
#412 = ADVANCED_FACE ( 'NONE', ( #491 ), #308, .F. ) ;
#413 = VERTEX_POINT ( 'NONE', #1569 ) ;
#414 = DIRECTION ( 'NONE',  ( 1.000000000000000000, -0.0000000000000000000, -0.0000000000000000000 ) ) ;
#415 = ORIENTED_EDGE ( 'NONE', *, *, #1020, .F. ) ;
#416 = CARTESIAN_POINT ( 'NONE',  ( -0.9350000000000000500, -3.934998761554723900, -0.1000043257571162200 ) ) ;
#417 = DIRECTION ( 'NONE',  ( 1.000000000000000000, 0.0000000000000000000, 0.0000000000000000000 ) ) ;
#418 = EDGE_CURVE ( 'NONE', #1220, #892, #1888, .T. ) ;
#419 = DIRECTION ( 'NONE',  ( -1.000000000000000000, 0.0000000000000000000, 0.0000000000000000000 ) ) ;
#420 = LINE ( 'NONE', #1984, #2305 ) ;
#421 = ORIENTED_EDGE ( 'NONE', *, *, #265, .F. ) ;
#422 = VERTEX_POINT ( 'NONE', #1100 ) ;
#423 = ORIENTED_EDGE ( 'NONE', *, *, #2218, .T. ) ;
#424 = AXIS2_PLACEMENT_3D ( 'NONE', #1478, #262, #1908 ) ;
#425 = CLOSED_SHELL ( 'NONE', ( #2650, #1605, #1303, #1964, #2195, #2835, #101, #2868, #168, #2401, #2270, #1054, #1249, #2081, #2852, #612, #584, #1506, #2163 ) ) ;
#426 = ORIENTED_EDGE ( 'NONE', *, *, #589, .F. ) ;
#427 = VECTOR ( 'NONE', #2929, 1000.000000000000000 ) ;
#428 = ORIENTED_EDGE ( 'NONE', *, *, #2145, .T. ) ;
#429 = DIRECTION ( 'NONE',  ( 0.0000000000000000000, -1.000000000000000000, 0.0000000000000000000 ) ) ;
#430 = DIRECTION ( 'NONE',  ( -0.0000000000000000000, -1.000000000000000000, -0.0000000000000000000 ) ) ;
#431 = DIRECTION ( 'NONE',  ( 0.0000000000000000000, -1.000000000000000000, 0.0000000000000000000 ) ) ;
#432 = COLOUR_RGB ( '',0.6274509803921568500, 0.6274509803921568500, 0.6274509803921568500 ) ;
#433 = EDGE_CURVE ( 'NONE', #1777, #2861, #171, .T. ) ;
#434 = CARTESIAN_POINT ( 'NONE',  ( -0.9350000000000000500, 3.734998761554723800, -4.325757116223349900E-006 ) ) ;
#435 = SURFACE_STYLE_FILL_AREA ( #2619 ) ;
#436 = FACE_OUTER_BOUND ( 'NONE', #1796, .T. ) ;
#437 = CARTESIAN_POINT ( 'NONE',  ( -1.605000000000000000, 3.934998761554723900, 0.09999567424288377500 ) ) ;
#438 = PRESENTATION_STYLE_ASSIGNMENT (( #2791 ) ) ;
#439 = PLANE ( 'NONE',  #1306 ) ;
#440 = SURFACE_SIDE_STYLE ('',( #1537 ) ) ;
#441 = FACE_OUTER_BOUND ( 'NONE', #1453, .T. ) ;
#442 = CARTESIAN_POINT ( 'NONE',  ( -2.389999999999999700, -3.200000000000000200, 1.850000000000000100 ) ) ;
#443 = AXIS2_PLACEMENT_3D ( 'NONE', #67, #309, #2188 ) ;
#444 = EDGE_LOOP ( 'NONE', ( #1825, #1035, #656, #1039 ) ) ;
#445 = CARTESIAN_POINT ( 'NONE',  ( -2.389999999999999700, -3.200000000000000200, 1.850000000000000100 ) ) ;
#446 = ADVANCED_FACE ( 'NONE', ( #232 ), #1547, .F. ) ;
#447 = EDGE_CURVE ( 'NONE', #488, #2013, #1962, .T. ) ;
#448 = PRESENTATION_LAYER_ASSIGNMENT (  '', '', ( #2215 ) ) ;
#449 = CARTESIAN_POINT ( 'NONE',  ( 0.8050000000000001600, 3.934998761554723900, -4.325757116223349900E-006 ) ) ;
#450 =( LENGTH_UNIT ( ) NAMED_UNIT ( * ) SI_UNIT ( .MILLI., .METRE. ) );
#451 = EDGE_CURVE ( 'NONE', #2238, #1972, #1341, .T. ) ;
#452 = CARTESIAN_POINT ( 'NONE',  ( 1.705000000000000100, 3.734998761554723800, -3.000004325757116100 ) ) ;
#453 = PRESENTATION_LAYER_ASSIGNMENT (  '', '', ( #285 ) ) ;
#454 = VERTEX_POINT ( 'NONE', #1309 ) ;
#455 = ORIENTED_EDGE ( 'NONE', *, *, #2045, .T. ) ;
#456 = DIRECTION ( 'NONE',  ( -0.0000000000000000000, 1.000000000000000000, -0.0000000000000000000 ) ) ;
#457 = VECTOR ( 'NONE', #2811, 1000.000000000000000 ) ;
#458 = PLANE ( 'NONE',  #207 ) ;
#459 = ORIENTED_EDGE ( 'NONE', *, *, #2800, .T. ) ;
#460 = CARTESIAN_POINT ( 'NONE',  ( 2.390000000000000600, 3.200000000000000200, 1.850000000000000100 ) ) ;
#461 = EDGE_CURVE ( 'NONE', #256, #2168, #573, .T. ) ;
#462 = ORIENTED_EDGE ( 'NONE', *, *, #1640, .F. ) ;
#463 = PLANE ( 'NONE',  #1716 ) ;
#464 = ORIENTED_EDGE ( 'NONE', *, *, #51, .F. ) ;
#465 = VERTEX_POINT ( 'NONE', #1295 ) ;
#466 = ORIENTED_EDGE ( 'NONE', *, *, #535, .T. ) ;
#467 = LINE ( 'NONE', #2728, #2494 ) ;
#468 = CARTESIAN_POINT ( 'NONE',  ( -1.705000000000000100, -3.734998761554724200, 1.799995674242883800 ) ) ;
#469 = AXIS2_PLACEMENT_3D ( 'NONE', #2348, #496, #480 ) ;
#470 = CARTESIAN_POINT ( 'NONE',  ( -0.7050000000000000700, 3.734998761554723800, 1.699995674242883700 ) ) ;
#471 = VECTOR ( 'NONE', #2871, 1000.000000000000000 ) ;
#472 = ORIENTED_EDGE ( 'NONE', *, *, #2025, .T. ) ;
#473 = CARTESIAN_POINT ( 'NONE',  ( -1.035000000000000100, 3.934998761554723900, 0.0000000000000000000 ) ) ;
#474 = FACE_OUTER_BOUND ( 'NONE', #55, .T. ) ;
#475 = VECTOR ( 'NONE', #2543, 1000.000000000000000 ) ;
#476 =( NAMED_UNIT ( * ) SI_UNIT ( $, .STERADIAN. ) SOLID_ANGLE_UNIT ( ) );
#477 = VERTEX_POINT ( 'NONE', #386 ) ;
#478 = VECTOR ( 'NONE', #2544, 1000.000000000000000 ) ;
#479 = CYLINDRICAL_SURFACE ( 'NONE', #2234, 0.1000000000000000100 ) ;
#480 = DIRECTION ( 'NONE',  ( 0.0000000000000000000, 0.0000000000000000000, -1.000000000000000000 ) ) ;
#481 = EDGE_CURVE ( 'NONE', #936, #1223, #85, .T. ) ;
#482 = CIRCLE ( 'NONE', #715, 0.1000000000000000100 ) ;
#483 = DIRECTION ( 'NONE',  ( 0.0000000000000000000, -1.000000000000000000, 0.0000000000000000000 ) ) ;
#484 = DIRECTION ( 'NONE',  ( -1.000000000000000000, 0.0000000000000000000, 0.0000000000000000000 ) ) ;
#485 = AXIS2_PLACEMENT_3D ( 'NONE', #2468, #1795, #864 ) ;
#486 = DIRECTION ( 'NONE',  ( 0.0000000000000000000, -0.2079116908177597900, -0.9781476007338055800 ) ) ;
#487 = DIRECTION ( 'NONE',  ( 0.0000000000000000000, 1.000000000000000000, 0.0000000000000000000 ) ) ;
#488 = VERTEX_POINT ( 'NONE', #2886 ) ;
#489 = DIRECTION ( 'NONE',  ( 0.0000000000000000000, 0.0000000000000000000, 1.000000000000000000 ) ) ;
#490 = ORIENTED_EDGE ( 'NONE', *, *, #2523, .F. ) ;
#491 = FACE_OUTER_BOUND ( 'NONE', #993, .T. ) ;
#492 = PLANE ( 'NONE',  #2441 ) ;
#493 = VECTOR ( 'NONE', #66, 1000.000000000000000 ) ;
#494 = VERTEX_POINT ( 'NONE', #1780 ) ;
#495 = ORIENTED_EDGE ( 'NONE', *, *, #912, .T. ) ;
#496 = DIRECTION ( 'NONE',  ( -0.0000000000000000000, 1.000000000000000000, -0.0000000000000000000 ) ) ;
#497 = CARTESIAN_POINT ( 'NONE',  ( 0.7050000000000000700, -3.634998761554724100, 1.799995674242883500 ) ) ;
#498 = ORIENTED_EDGE ( 'NONE', *, *, #1885, .F. ) ;
#499 = ORIENTED_EDGE ( 'NONE', *, *, #2498, .T. ) ;
#500 = CYLINDRICAL_SURFACE ( 'NONE', #1109, 0.1000000000000000100 ) ;
#501 = EDGE_CURVE ( 'NONE', #1703, #1571, #1697, .T. ) ;
#502 = CARTESIAN_POINT ( 'NONE',  ( -1.705000000000000100, -3.934998761554723900, 1.799995674242883800 ) ) ;
#503 = DIRECTION ( 'NONE',  ( 1.000000000000000000, 0.0000000000000000000, 0.0000000000000000000 ) ) ;
#504 = AXIS2_PLACEMENT_3D ( 'NONE', #2140, #1429, #34 ) ;
#505 =( NAMED_UNIT ( * ) SI_UNIT ( $, .STERADIAN. ) SOLID_ANGLE_UNIT ( ) );
#506 = DIRECTION ( 'NONE',  ( 0.0000000000000000000, 0.0000000000000000000, 1.000000000000000000 ) ) ;
#507 = LINE ( 'NONE', #2446, #832 ) ;
#508 = VECTOR ( 'NONE', #2096, 1000.000000000000000 ) ;
#509 = ORIENTED_EDGE ( 'NONE', *, *, #2435, .F. ) ;
#510 = COLOUR_RGB ( '',0.7921568627450980000, 0.8196078431372548800, 0.9333333333333333500 ) ;
#511 = CARTESIAN_POINT ( 'NONE',  ( 0.7050000000000000700, -3.934998761554723900, 1.799995674242883800 ) ) ;
#512 = VECTOR ( 'NONE', #1817, 1000.000000000000000 ) ;
#513 = CARTESIAN_POINT ( 'NONE',  ( -0.7050000000000000700, 3.084998761554723900, 1.799995674242883500 ) ) ;
#514 = LINE ( 'NONE', #1855, #2922 ) ;
#515 = LINE ( 'NONE', #2382, #1133 ) ;
#516 = LINE ( 'NONE', #336, #2812 ) ;
#517 = CARTESIAN_POINT ( 'NONE',  ( -1.705000000000000100, -3.734998761554723800, 0.09999567424288360900 ) ) ;
#518 = ORIENTED_EDGE ( 'NONE', *, *, #1252, .T. ) ;
#519 = UNCERTAINTY_MEASURE_WITH_UNIT (LENGTH_MEASURE( 1.000000000000000100E-005 ), #1659, 'distance_accuracy_value', 'NONE');
#520 = EDGE_CURVE ( 'NONE', #781, #47, #2944, .T. ) ;
#521 = CARTESIAN_POINT ( 'NONE',  ( 1.705000000000000100, 3.634998761554724100, 1.799995674242883500 ) ) ;
#522 = CARTESIAN_POINT ( 'NONE',  ( -1.035000000000000100, -3.934998761554723900, -0.1000043257571162200 ) ) ;
#523 = ORIENTED_EDGE ( 'NONE', *, *, #2744, .F. ) ;
#524 = ORIENTED_EDGE ( 'NONE', *, *, #2300, .F. ) ;
#525 = CARTESIAN_POINT ( 'NONE',  ( 1.505000000000000100, -3.734998761554723800, -0.1000043257571160600 ) ) ;
#526 = DIRECTION ( 'NONE',  ( -1.000000000000000000, -0.0000000000000000000, -0.0000000000000000000 ) ) ;
#527 = AXIS2_PLACEMENT_3D ( 'NONE', #1657, #2118, #1188 ) ;
#528 = VECTOR ( 'NONE', #890, 1000.000000000000000 ) ;
#529 = CARTESIAN_POINT ( 'NONE',  ( -1.750864921821956500, -1.851434140000000100, 3.200000000000000200 ) ) ;
#530 = CARTESIAN_POINT ( 'NONE',  ( 0.7050000000000000700, -3.734998761554723800, 0.09999567424288377500 ) ) ;
#531 = EDGE_CURVE ( 'NONE', #1366, #1481, #2347, .T. ) ;
#532 = VERTEX_POINT ( 'NONE', #2033 ) ;
#533 = ORIENTED_EDGE ( 'NONE', *, *, #616, .F. ) ;
#534 = ORIENTED_EDGE ( 'NONE', *, *, #1159, .T. ) ;
#535 = EDGE_CURVE ( 'NONE', #2781, #413, #1436, .T. ) ;
#536 = ORIENTED_EDGE ( 'NONE', *, *, #1323, .F. ) ;
#537 = CARTESIAN_POINT ( 'NONE',  ( 1.035000000000000100, 3.934998761554723900, -0.1000043257571162200 ) ) ;
#538 = DIRECTION ( 'NONE',  ( 0.4290568145682860400, -0.0000000000000000000, 0.9032775043542906600 ) ) ;
#539 = ADVANCED_BREP_SHAPE_REPRESENTATION ( 'dip4pin', ( #1720, #2167, #1183, #2262, #1623, #2706 ), #1759 ) ;
#540 = VECTOR ( 'NONE', #369, 1000.000000000000200 ) ;
#541 = EDGE_LOOP ( 'NONE', ( #1919, #1236, #2375, #2178, #1693, #1616, #568, #930, #2757, #1262, #2355, #1112, #1414 ) ) ;
#542 = AXIS2_PLACEMENT_3D ( 'NONE', #1255, #2851, #2415 ) ;
#543 = CARTESIAN_POINT ( 'NONE',  ( 1.605000000000000000, 3.934998761554723900, -0.1000043257571162200 ) ) ;
#544 = ORIENTED_EDGE ( 'NONE', *, *, #2374, .F. ) ;
#545 = FACE_OUTER_BOUND ( 'NONE', #2043, .T. ) ;
#546 = FACE_OUTER_BOUND ( 'NONE', #1299, .T. ) ;
#547 = AXIS2_PLACEMENT_3D ( 'NONE', #235, #944, #1182 ) ;
#548 = UNCERTAINTY_MEASURE_WITH_UNIT (LENGTH_MEASURE( 1.000000000000000100E-005 ), #1833, 'distance_accuracy_value', 'NONE');
#549 = DIRECTION ( 'NONE',  ( 0.0000000000000000000, 0.0000000000000000000, 1.000000000000000000 ) ) ;
#550 = DIRECTION ( 'NONE',  ( -0.0000000000000000000, -1.000000000000000000, -0.0000000000000000000 ) ) ;
#551 = ADVANCED_FACE ( 'NONE', ( #1545 ), #345, .T. ) ;
#552 = CARTESIAN_POINT ( 'NONE',  ( -1.035000000000000100, -3.734998761554723800, -2.800004325757116300 ) ) ;
#553 = DIRECTION ( 'NONE',  ( 1.000000000000000000, 0.0000000000000000000, 0.0000000000000000000 ) ) ;
#554 = DIRECTION ( 'NONE',  ( 0.0000000000000000000, -1.000000000000000000, 0.0000000000000000000 ) ) ;
#555 = EDGE_CURVE ( 'NONE', #867, #2323, #1735, .T. ) ;
#556 = DIRECTION ( 'NONE',  ( 0.0000000000000000000, 1.000000000000000000, -6.672013369141566200E-016 ) ) ;
#557 = CARTESIAN_POINT ( 'NONE',  ( -0.8050000000000001600, -3.934998761554723900, -4.325757116223349900E-006 ) ) ;
#558 =( GEOMETRIC_REPRESENTATION_CONTEXT ( 3 ) GLOBAL_UNCERTAINTY_ASSIGNED_CONTEXT ( ( #1727 ) ) GLOBAL_UNIT_ASSIGNED_CONTEXT ( ( #1636, #915, #2094 ) ) REPRESENTATION_CONTEXT ( 'NONE', 'WORKASPACE' ) );
#559 = DIRECTION ( 'NONE',  ( 1.000000000000000000, 0.0000000000000000000, -0.0000000000000000000 ) ) ;
#560 = ORIENTED_EDGE ( 'NONE', *, *, #1199, .F. ) ;
#561 = VECTOR ( 'NONE', #635, 1000.000000000000000 ) ;
#562 = CARTESIAN_POINT ( 'NONE',  ( -0.8050000000000001600, 3.934998761554723900, -4.325757116223349900E-006 ) ) ;
#563 = VECTOR ( 'NONE', #1064, 1000.000000000000000 ) ;
#564 = CARTESIAN_POINT ( 'NONE',  ( -0.2315891255831992500, -1.851434140000000100, 3.200000000000000200 ) ) ;
#565 = FILL_AREA_STYLE ('',( #346 ) ) ;
#566 = AXIS2_PLACEMENT_3D ( 'NONE', #951, #254, #1439 ) ;
#567 = ADVANCED_FACE ( 'NONE', ( #714 ), #500, .F. ) ;
#568 = ORIENTED_EDGE ( 'NONE', *, *, #2813, .T. ) ;
#569 = ORIENTED_EDGE ( 'NONE', *, *, #234, .T. ) ;
#570 = PLANE ( 'NONE',  #2753 ) ;
#571 = CARTESIAN_POINT ( 'NONE',  ( 0.7050000000000000700, -3.934998761554723900, 0.09999567424288381700 ) ) ;
#572 = EDGE_LOOP ( 'NONE', ( #533, #2200, #2030, #2204 ) ) ;
#573 = CIRCLE ( 'NONE', #2398, 0.1000000000000000100 ) ;
#574 =( NAMED_UNIT ( * ) SI_UNIT ( $, .STERADIAN. ) SOLID_ANGLE_UNIT ( ) );
#575 = EDGE_CURVE ( 'NONE', #121, #1615, #2695, .T. ) ;
#576 = CARTESIAN_POINT ( 'NONE',  ( -0.8050000000000001600, 3.734998761554723800, -4.325757116223349900E-006 ) ) ;
#577 = LINE ( 'NONE', #497, #970 ) ;
#578 = MECHANICAL_DESIGN_GEOMETRIC_PRESENTATION_REPRESENTATION (  '', ( #1662 ), #2028 ) ;
#579 = CARTESIAN_POINT ( 'NONE',  ( 0.7050000000000000700, -3.734998761554724200, 1.999995674242883700 ) ) ;
#580 = CARTESIAN_POINT ( 'NONE',  ( -2.103048641745469500, -2.913048641745470000, 3.200000000000000200 ) ) ;
#581 = ORIENTED_EDGE ( 'NONE', *, *, #1584, .F. ) ;
#582 = LINE ( 'NONE', #2981, #1319 ) ;
#583 = DIRECTION ( 'NONE',  ( 0.0000000000000000000, 0.0000000000000000000, 1.000000000000000000 ) ) ;
#584 = ADVANCED_FACE ( 'NONE', ( #14 ), #1090, .T. ) ;
#585 = VECTOR ( 'NONE', #610, 1000.000000000000000 ) ;
#586 = CARTESIAN_POINT ( 'NONE',  ( -0.7050000000000000700, 3.734998761554723800, -3.000004325757116100 ) ) ;
#587 = VECTOR ( 'NONE', #2620, 1000.000000000000000 ) ;
#588 = CARTESIAN_POINT ( 'NONE',  ( 1.605000000000000000, 3.734998761554723800, 0.09999567424288381700 ) ) ;
#589 = EDGE_CURVE ( 'NONE', #812, #798, #467, .T. ) ;
#590 = ORIENTED_EDGE ( 'NONE', *, *, #2300, .T. ) ;
#591 = CARTESIAN_POINT ( 'NONE',  ( -1.505000000000000100, 3.934998761554723900, -2.801957100939561400 ) ) ;
#592 = DIRECTION ( 'NONE',  ( -0.0000000000000000000, 1.000000000000000000, -0.0000000000000000000 ) ) ;
#593 = DIRECTION ( 'NONE',  ( 1.000000000000000000, -0.0000000000000000000, -0.0000000000000000000 ) ) ;
#594 = FILL_AREA_STYLE ('',( #1553 ) ) ;
#595 = ORIENTED_EDGE ( 'NONE', *, *, #766, .F. ) ;
#596 = AXIS2_PLACEMENT_3D ( 'NONE', #1101, #2454, #2693 ) ;
#597 = ADVANCED_FACE ( 'NONE', ( #649 ), #2797, .F. ) ;
#598 = CARTESIAN_POINT ( 'NONE',  ( 1.505000000000000100, 3.934998761554723900, -2.812418705823278100 ) ) ;
#599 = PLANE ( 'NONE',  #1864 ) ;
#600 = VECTOR ( 'NONE', #1502, 1000.000000000000000 ) ;
#601 = CARTESIAN_POINT ( 'NONE',  ( -0.7050000000000000700, -3.734998761554724200, 1.799995674242883800 ) ) ;
#602 = ORIENTED_EDGE ( 'NONE', *, *, #326, .T. ) ;
#603 = EDGE_CURVE ( 'NONE', #2528, #892, #1042, .T. ) ;
#604 = ORIENTED_EDGE ( 'NONE', *, *, #1721, .F. ) ;
#605 = ORIENTED_EDGE ( 'NONE', *, *, #2316, .T. ) ;
#606 = VERTEX_POINT ( 'NONE', #2304 ) ;
#607 = ORIENTED_EDGE ( 'NONE', *, *, #2001, .F. ) ;
#608 = ORIENTED_EDGE ( 'NONE', *, *, #520, .T. ) ;
#609 = DIRECTION ( 'NONE',  ( 0.0000000000000000000, 0.9781476007338055800, 0.2079116908177597900 ) ) ;
#610 = DIRECTION ( 'NONE',  ( -1.000000000000000000, 0.0000000000000000000, 0.0000000000000000000 ) ) ;
#611 = DIRECTION ( 'NONE',  ( 0.0000000000000000000, 1.000000000000000000, -0.0000000000000000000 ) ) ;
#612 = ADVANCED_FACE ( 'NONE', ( #2205 ), #2136, .F. ) ;
#613 = CARTESIAN_POINT ( 'NONE',  ( 1.605000000000000000, 3.934998761554723900, 0.09999567424288377500 ) ) ;
#614 = VECTOR ( 'NONE', #526, 1000.000000000000000 ) ;
#615 = CARTESIAN_POINT ( 'NONE',  ( 1.705000000000000100, -3.734998761554723800, 1.699995674242883700 ) ) ;
#616 = EDGE_CURVE ( 'NONE', #2722, #885, #2240, .T. ) ;
#617 = FACE_OUTER_BOUND ( 'NONE', #99, .T. ) ;
#618 = ORIENTED_EDGE ( 'NONE', *, *, #2387, .F. ) ;
#619 = LINE ( 'NONE', #1082, #2984 ) ;
#620 = CARTESIAN_POINT ( 'NONE',  ( -0.7050000000000000700, 3.084998761554723900, 1.799995674242883500 ) ) ;
#621 = COLOUR_RGB ( '',0.6274509803921568500, 0.6274509803921568500, 0.6274509803921568500 ) ;
#622 = ORIENTED_EDGE ( 'NONE', *, *, #2980, .T. ) ;
#623 = PRESENTATION_STYLE_ASSIGNMENT (( #2061 ) ) ;
#624 = PLANE ( 'NONE',  #1470 ) ;
#625 =( NAMED_UNIT ( * ) SI_UNIT ( $, .STERADIAN. ) SOLID_ANGLE_UNIT ( ) );
#626 = LINE ( 'NONE', #1857, #2639 ) ;
#627 = VECTOR ( 'NONE', #2269, 1000.000000000000000 ) ;
#628 = DIRECTION ( 'NONE',  ( 0.0000000000000000000, 0.0000000000000000000, 1.000000000000000000 ) ) ;
#629 = VERTEX_POINT ( 'NONE', #2717 ) ;
#630 = AXIS2_PLACEMENT_3D ( 'NONE', #1978, #1028, #1267 ) ;
#631 = ADVANCED_FACE ( 'NONE', ( #2171 ), #882, .F. ) ;
#632 = EDGE_CURVE ( 'NONE', #798, #1454, #2370, .T. ) ;
#633 = DIRECTION ( 'NONE',  ( 0.0000000000000000000, -1.000000000000000000, 0.0000000000000000000 ) ) ;
#634 = EDGE_CURVE ( 'NONE', #2636, #860, #2635, .T. ) ;
#635 = DIRECTION ( 'NONE',  ( -0.0000000000000000000, 1.000000000000000000, 0.0000000000000000000 ) ) ;
#636 = ORIENTED_EDGE ( 'NONE', *, *, #2326, .F. ) ;
#637 = PRESENTATION_STYLE_ASSIGNMENT (( #671 ) ) ;
#638 = AXIS2_PLACEMENT_3D ( 'NONE', #613, #633, #823 ) ;
#639 = LINE ( 'NONE', #194, #2128 ) ;
#640 = CARTESIAN_POINT ( 'NONE',  ( -1.400976387591222400, -3.734998761554723800, -3.000004325757116100 ) ) ;
#641 =( LENGTH_UNIT ( ) NAMED_UNIT ( * ) SI_UNIT ( .MILLI., .METRE. ) );
#642 = VERTEX_POINT ( 'NONE', #875 ) ;
#643 = ORIENTED_EDGE ( 'NONE', *, *, #741, .T. ) ;
#644 = CLOSED_SHELL ( 'NONE', ( #363, #1522, #822, #378, #313, #1073, #2257, #1334, #2660, #1034, #645, #2732, #687, #2928, #2443, #567, #2680, #1021, #329 ) ) ;
#645 = ADVANCED_FACE ( 'NONE', ( #797 ), #2514, .T. ) ;
#646 = CARTESIAN_POINT ( 'NONE',  ( -0.7050000000000000700, -3.084998761554723900, 1.799995674242883500 ) ) ;
#647 = ORIENTED_EDGE ( 'NONE', *, *, #1815, .T. ) ;
#648 = ORIENTED_EDGE ( 'NONE', *, *, #786, .T. ) ;
#649 = FACE_OUTER_BOUND ( 'NONE', #1009, .T. ) ;
#650 = CARTESIAN_POINT ( 'NONE',  ( -1.605000000000000000, -3.934998761554723900, 0.09999567424288377500 ) ) ;
#651 = SURFACE_STYLE_FILL_AREA ( #565 ) ;
#652 = ORIENTED_EDGE ( 'NONE', *, *, #183, .F. ) ;
#653 = SURFACE_STYLE_FILL_AREA ( #1574 ) ;
#654 = LINE ( 'NONE', #2996, #176 ) ;
#655 = CARTESIAN_POINT ( 'NONE',  ( -0.7050000000000000700, 3.734998761554723800, 1.699995674242883700 ) ) ;
#656 = ORIENTED_EDGE ( 'NONE', *, *, #2968, .T. ) ;
#657 = VECTOR ( 'NONE', #2771, 1000.000000000000000 ) ;
#658 = EDGE_CURVE ( 'NONE', #2404, #1338, #721, .T. ) ;
#659 = COLOUR_RGB ( '',0.7921568627450980000, 0.8196078431372548800, 0.9333333333333333500 ) ;
#660 = CARTESIAN_POINT ( 'NONE',  ( -2.389999999999999700, 3.200000000000000200, 1.850000000000000100 ) ) ;
#661 = CYLINDRICAL_SURFACE ( 'NONE', #878, 0.1000000000000000100 ) ;
#662 = STYLED_ITEM ( 'NONE', ( #2458 ), #1362 ) ;
#663 = DIRECTION ( 'NONE',  ( 0.0000000000000000000, 0.0000000000000000000, -1.000000000000000000 ) ) ;
#664 = DIRECTION ( 'NONE',  ( 0.0000000000000000000, 0.0000000000000000000, -1.000000000000000000 ) ) ;
#665 =( NAMED_UNIT ( * ) PLANE_ANGLE_UNIT ( ) SI_UNIT ( $, .RADIAN. ) );
#666 = DIRECTION ( 'NONE',  ( 0.0000000000000000000, 0.0000000000000000000, -1.000000000000000000 ) ) ;
#667 = VERTEX_POINT ( 'NONE', #1846 ) ;
#668 = EDGE_LOOP ( 'NONE', ( #2876, #1961, #2755, #80 ) ) ;
#669 = DIRECTION ( 'NONE',  ( 0.0000000000000000000, -1.000000000000000000, 0.0000000000000000000 ) ) ;
#670 = EDGE_CURVE ( 'NONE', #2379, #1821, #214, .T. ) ;
#671 = SURFACE_STYLE_USAGE ( .BOTH. , #440 ) ;
#672 = PRESENTATION_STYLE_ASSIGNMENT (( #2662 ) ) ;
#673 = ORIENTED_EDGE ( 'NONE', *, *, #278, .F. ) ;
#674 = DIRECTION ( 'NONE',  ( 1.000000000000000000, 0.0000000000000000000, -0.0000000000000000000 ) ) ;
#675 = MECHANICAL_DESIGN_GEOMETRIC_PRESENTATION_REPRESENTATION (  '', ( #2731 ), #150 ) ;
#676 = ORIENTED_EDGE ( 'NONE', *, *, #697, .T. ) ;
#677 = EDGE_LOOP ( 'NONE', ( #1923, #2605, #1406, #2796 ) ) ;
#678 = ORIENTED_EDGE ( 'NONE', *, *, #2593, .F. ) ;
#679 = CARTESIAN_POINT ( 'NONE',  ( -1.250485677200349900, 3.734998761554723800, -3.286518770541191800 ) ) ;
#680 = ORIENTED_EDGE ( 'NONE', *, *, #1458, .F. ) ;
#681 = AXIS2_PLACEMENT_3D ( 'NONE', #1933, #83, #763 ) ;
#682 = SURFACE_STYLE_USAGE ( .BOTH. , #1818 ) ;
#683 = DIRECTION ( 'NONE',  ( 1.000000000000000000, -0.0000000000000000000, -0.0000000000000000000 ) ) ;
#684 = FACE_OUTER_BOUND ( 'NONE', #2715, .T. ) ;
#685 = EDGE_CURVE ( 'NONE', #1620, #719, #1382, .T. ) ;
#686 = CARTESIAN_POINT ( 'NONE',  ( 0.7050000000000000700, -3.634998761554724100, 1.799995674242883300 ) ) ;
#687 = ADVANCED_FACE ( 'NONE', ( #2012 ), #439, .T. ) ;
#688 = LINE ( 'NONE', #2862, #471 ) ;
#689 = ORIENTED_EDGE ( 'NONE', *, *, #1316, .T. ) ;
#690 = CIRCLE ( 'NONE', #2261, 0.2000000000000000900 ) ;
#691 = EDGE_CURVE ( 'NONE', #1040, #860, #1166, .T. ) ;
#692 = FACE_OUTER_BOUND ( 'NONE', #2599, .T. ) ;
#693 = VERTEX_POINT ( 'NONE', #1134 ) ;
#694 = VECTOR ( 'NONE', #1173, 1000.000000000000000 ) ;
#695 = DIRECTION ( 'NONE',  ( 0.0000000000000000000, 0.0000000000000000000, -1.000000000000000000 ) ) ;
#696 = VECTOR ( 'NONE', #1157, 1000.000000000000000 ) ;
#697 = EDGE_CURVE ( 'NONE', #488, #1730, #760, .T. ) ;
#698 = CARTESIAN_POINT ( 'NONE',  ( 1.605000000000000000, -3.934998761554723900, 0.09999567424288377500 ) ) ;
#699 = STYLED_ITEM ( 'NONE', ( #284 ), #1779 ) ;
#700 = CARTESIAN_POINT ( 'NONE',  ( -1.705000000000000100, -3.934998761554723900, 0.09999567424288377500 ) ) ;
#701 = DIRECTION ( 'NONE',  ( 0.0000000000000000000, 6.672013369141566200E-016, -1.000000000000000000 ) ) ;
#702 = PLANE ( 'NONE',  #2282 ) ;
#703 = FILL_AREA_STYLE ('',( #1874 ) ) ;
#704 = VERTEX_POINT ( 'NONE', #460 ) ;
#705 = CIRCLE ( 'NONE', #1464, 0.1000000000000000100 ) ;
#706 = DIRECTION ( 'NONE',  ( 0.0000000000000000000, 0.0000000000000000000, 1.000000000000000000 ) ) ;
#707 = LINE ( 'NONE', #1003, #493 ) ;
#708 = EDGE_CURVE ( 'NONE', #2554, #606, #1971, .T. ) ;
#709 = ORIENTED_EDGE ( 'NONE', *, *, #1810, .F. ) ;
#710 = EDGE_LOOP ( 'NONE', ( #421, #1300, #342, #1882 ) ) ;
#711 = ORIENTED_EDGE ( 'NONE', *, *, #990, .T. ) ;
#712 = EDGE_LOOP ( 'NONE', ( #144, #117, #2475, #1538, #1776, #2905, #1867, #197, #1690, #2503, #962, #925, #608 ) ) ;
#713 = CARTESIAN_POINT ( 'NONE',  ( 2.103048641745470300, 2.913048641745470000, 0.5000000000000000000 ) ) ;
#714 = FACE_OUTER_BOUND ( 'NONE', #710, .T. ) ;
#715 = AXIS2_PLACEMENT_3D ( 'NONE', #2174, #1260, #2439 ) ;
#716 = DIRECTION ( 'NONE',  ( -0.0000000000000000000, -1.000000000000000000, -0.0000000000000000000 ) ) ;
#717 = VECTOR ( 'NONE', #1758, 1000.000000000000000 ) ;
#718 = SURFACE_STYLE_USAGE ( .BOTH. , #731 ) ;
#719 = VERTEX_POINT ( 'NONE', #253 ) ;
#720 = CARTESIAN_POINT ( 'NONE',  ( -1.505000000000000100, -3.734998761554723800, -0.1000043257571160600 ) ) ;
#721 = LINE ( 'NONE', #1588, #2565 ) ;
#722 = DIRECTION ( 'NONE',  ( -0.0000000000000000000, -0.0000000000000000000, 1.000000000000000000 ) ) ;
#723 = ORIENTED_EDGE ( 'NONE', *, *, #1940, .F. ) ;
#724 = LINE ( 'NONE', #2550, #941 ) ;
#725 = FACE_OUTER_BOUND ( 'NONE', #2786, .T. ) ;
#726 = CIRCLE ( 'NONE', #2121, 0.1000000000000000100 ) ;
#727 = CARTESIAN_POINT ( 'NONE',  ( 1.705000000000000100, 3.084998761554723900, 1.999995674242884200 ) ) ;
#728 = FACE_OUTER_BOUND ( 'NONE', #1120, .T. ) ;
#729 = EDGE_CURVE ( 'NONE', #1411, #2013, #1273, .T. ) ;
#730 = VECTOR ( 'NONE', #1175, 1000.000000000000000 ) ;
#731 = SURFACE_SIDE_STYLE ('',( #1932 ) ) ;
#732 = PLANE ( 'NONE',  #2021 ) ;
#733 = VERTEX_POINT ( 'NONE', #246 ) ;
#734 = AXIS2_PLACEMENT_3D ( 'NONE', #1486, #1043, #298 ) ;
#735 = CARTESIAN_POINT ( 'NONE',  ( 0.9350000000000000500, -3.934998761554723900, -4.325757116223349900E-006 ) ) ;
#736 = PLANE ( 'NONE',  #2740 ) ;
#737 = UNCERTAINTY_MEASURE_WITH_UNIT (LENGTH_MEASURE( 1.000000000000000100E-005 ), #2242, 'distance_accuracy_value', 'NONE');
#738 = PLANE ( 'NONE',  #2294 ) ;
#739 = PLANE ( 'NONE',  #2925 ) ;
#740 = ORIENTED_EDGE ( 'NONE', *, *, #1459, .F. ) ;
#741 = EDGE_CURVE ( 'NONE', #2670, #784, #2597, .T. ) ;
#742 = VECTOR ( 'NONE', #113, 1000.000000000000000 ) ;
#743 = DIRECTION ( 'NONE',  ( 0.0000000000000000000, 0.0000000000000000000, 1.000000000000000000 ) ) ;
#744 = ORIENTED_EDGE ( 'NONE', *, *, #1618, .T. ) ;
#745 = ORIENTED_EDGE ( 'NONE', *, *, #1757, .T. ) ;
#746 = ORIENTED_EDGE ( 'NONE', *, *, #1787, .T. ) ;
#747 = SURFACE_STYLE_USAGE ( .BOTH. , #64 ) ;
#748 = STYLED_ITEM ( 'NONE', ( #672 ), #132 ) ;
#749 = ORIENTED_EDGE ( 'NONE', *, *, #2642, .T. ) ;
#750 = CARTESIAN_POINT ( 'NONE',  ( -1.505000000000000100, -3.934998761554723900, 0.0000000000000000000 ) ) ;
#751 = FACE_OUTER_BOUND ( 'NONE', #712, .T. ) ;
#752 = CARTESIAN_POINT ( 'NONE',  ( -0.7050000000000000700, 3.734998761554724200, 1.999995674242883700 ) ) ;
#753 = SURFACE_STYLE_USAGE ( .BOTH. , #2133 ) ;
#754 = EDGE_CURVE ( 'NONE', #856, #1079, #1347, .T. ) ;
#755 = ORIENTED_EDGE ( 'NONE', *, *, #1252, .F. ) ;
#756 = VECTOR ( 'NONE', #2155, 1000.000000000000000 ) ;
#757 = LINE ( 'NONE', #2152, #2008 ) ;
#758 = DIRECTION ( 'NONE',  ( 0.0000000000000000000, -0.9781476007338055800, -0.2079116908177597900 ) ) ;
#759 = CARTESIAN_POINT ( 'NONE',  ( -0.7050000000000000700, 3.734998761554724200, 1.999995674242883700 ) ) ;
#760 = LINE ( 'NONE', #16, #2251 ) ;
#761 = ORIENTED_EDGE ( 'NONE', *, *, #163, .F. ) ;
#762 = LINE ( 'NONE', #33, #1935 ) ;
#763 = DIRECTION ( 'NONE',  ( 0.0000000000000000000, 0.0000000000000000000, 1.000000000000000000 ) ) ;
#764 = CARTESIAN_POINT ( 'NONE',  ( -2.103048641745469000, 0.0000000000000000000, 0.5000000000000000000 ) ) ;
#765 = EDGE_CURVE ( 'NONE', #1777, #46, #97, .T. ) ;
#766 = EDGE_CURVE ( 'NONE', #1149, #12, #143, .T. ) ;
#767 = CARTESIAN_POINT ( 'NONE',  ( 0.8050000000000001600, -3.934998761554723900, 0.09999567424288377500 ) ) ;
#768 = CARTESIAN_POINT ( 'NONE',  ( -2.389999999999999700, 2.913048641745470000, 3.200000000000000200 ) ) ;
#769 = AXIS2_PLACEMENT_3D ( 'NONE', #791, #2407, #1022 ) ;
#770 = CARTESIAN_POINT ( 'NONE',  ( -1.129999999999999700, 3.934998761554723900, -3.000004325757116100 ) ) ;
#771 = ORIENTED_EDGE ( 'NONE', *, *, #1386, .T. ) ;
#772 = PLANE ( 'NONE',  #932 ) ;
#773 = DIRECTION ( 'NONE',  ( 0.0000000000000000000, 0.0000000000000000000, 1.000000000000000000 ) ) ;
#774 = ADVANCED_FACE ( 'NONE', ( #1234, #242 ), #958, .T. ) ;
#775 = FACE_OUTER_BOUND ( 'NONE', #2690, .T. ) ;
#776 = PLANE ( 'NONE',  #358 ) ;
#777 = CARTESIAN_POINT ( 'NONE',  ( -0.7050000000000000700, -3.634998761554724100, 1.799995674242883300 ) ) ;
#778 = PLANE ( 'NONE',  #2159 ) ;
#779 = ORIENTED_EDGE ( 'NONE', *, *, #2093, .F. ) ;
#780 = CARTESIAN_POINT ( 'NONE',  ( 1.705000000000000100, 3.734998761554724200, 1.799995674242883800 ) ) ;
#781 = VERTEX_POINT ( 'NONE', #1172 ) ;
#782 = ORIENTED_EDGE ( 'NONE', *, *, #2157, .F. ) ;
#783 = DIRECTION ( 'NONE',  ( -0.0000000000000000000, 1.000000000000000000, -0.0000000000000000000 ) ) ;
#784 = VERTEX_POINT ( 'NONE', #470 ) ;
#785 = EDGE_CURVE ( 'NONE', #667, #2238, #400, .T. ) ;
#786 = EDGE_CURVE ( 'NONE', #1571, #2344, #1865, .T. ) ;
#787 = ORIENTED_EDGE ( 'NONE', *, *, #1228, .F. ) ;
#788 = ORIENTED_EDGE ( 'NONE', *, *, #163, .T. ) ;
#789 = CARTESIAN_POINT ( 'NONE',  ( -0.9912270237025777600, -1.851434140000000100, 3.200000000000000200 ) ) ;
#790 = CARTESIAN_POINT ( 'NONE',  ( 1.505000000000000100, 3.934998761554723900, 0.0000000000000000000 ) ) ;
#791 = CARTESIAN_POINT ( 'NONE',  ( -1.035000000000000100, 3.934998761554723900, 0.0000000000000000000 ) ) ;
#792 = PRESENTATION_LAYER_ASSIGNMENT (  '', '', ( #2697 ) ) ;
#793 = CARTESIAN_POINT ( 'NONE',  ( 1.035000000000000100, -3.934998761554723900, -0.1000043257571162200 ) ) ;
#794 = ADVANCED_FACE ( 'NONE', ( #1628 ), #2568, .F. ) ;
#795 = LINE ( 'NONE', #1687, #1968 ) ;
#796 = ORIENTED_EDGE ( 'NONE', *, *, #2546, .F. ) ;
#797 = FACE_OUTER_BOUND ( 'NONE', #1840, .T. ) ;
#798 = VERTEX_POINT ( 'NONE', #2756 ) ;
#799 = VECTOR ( 'NONE', #9, 1000.000000000000000 ) ;
#800 = CARTESIAN_POINT ( 'NONE',  ( -1.605000000000000000, 3.734998761554723800, -0.1000043257571162200 ) ) ;
#801 = DIRECTION ( 'NONE',  ( 0.0000000000000000000, 0.0000000000000000000, -1.000000000000000000 ) ) ;
#802 = DIRECTION ( 'NONE',  ( 1.000000000000000000, 0.0000000000000000000, -0.0000000000000000000 ) ) ;
#803 = CARTESIAN_POINT ( 'NONE',  ( 0.7050000000000000700, 3.934998761554723900, 0.09999567424288381700 ) ) ;
#804 = VERTEX_POINT ( 'NONE', #233 ) ;
#805 = CARTESIAN_POINT ( 'NONE',  ( 0.7050000000000000700, 3.934998761554723900, 1.799995674242883800 ) ) ;
#806 = EDGE_CURVE ( 'NONE', #1733, #454, #654, .T. ) ;
#807 = ADVANCED_FACE ( 'NONE', ( #692 ), #739, .T. ) ;
#808 = CARTESIAN_POINT ( 'NONE',  ( -0.7050000000000000700, -3.934998761554723900, 1.799995674242883800 ) ) ;
#809 =( LENGTH_UNIT ( ) NAMED_UNIT ( * ) SI_UNIT ( .MILLI., .METRE. ) );
#810 = AXIS2_PLACEMENT_3D ( 'NONE', #192, #1595, #1376 ) ;
#811 = CARTESIAN_POINT ( 'NONE',  ( -0.8050000000000001600, -3.934998761554723900, 0.09999567424288377500 ) ) ;
#812 = VERTEX_POINT ( 'NONE', #1877 ) ;
#813 = LINE ( 'NONE', #107, #742 ) ;
#814 = CARTESIAN_POINT ( 'NONE',  ( 2.124808949893442800, 2.934808949893442000, 3.097625799095519400 ) ) ;
#815 = AXIS2_PLACEMENT_3D ( 'NONE', #2893, #327, #1775 ) ;
#816 = ORIENTED_EDGE ( 'NONE', *, *, #311, .T. ) ;
#817 = DIRECTION ( 'NONE',  ( -0.8853080702086840700, 0.0000000000000000000, -0.4650049686007405300 ) ) ;
#818 = DIRECTION ( 'NONE',  ( 0.0000000000000000000, -1.000000000000000000, 0.0000000000000000000 ) ) ;
#819 = CARTESIAN_POINT ( 'NONE',  ( -0.7050000000000000700, -3.934998761554723900, 1.799995674242883800 ) ) ;
#820 = ORIENTED_EDGE ( 'NONE', *, *, #2651, .T. ) ;
#821 = VECTOR ( 'NONE', #141, 1000.000000000000000 ) ;
#822 = ADVANCED_FACE ( 'NONE', ( #2179 ), #303, .F. ) ;
#823 = DIRECTION ( 'NONE',  ( 0.0000000000000000000, 0.0000000000000000000, -1.000000000000000000 ) ) ;
#824 = ORIENTED_EDGE ( 'NONE', *, *, #847, .F. ) ;
#825 = EDGE_CURVE ( 'NONE', #1481, #46, #1049, .T. ) ;
#826 = DIRECTION ( 'NONE',  ( -1.000000000000000000, 0.0000000000000000000, 0.0000000000000000000 ) ) ;
#827 = VECTOR ( 'NONE', #2841, 1000.000000000000000 ) ;
#828 = DIRECTION ( 'NONE',  ( 0.0000000000000000000, -1.000000000000000000, 6.672013369141566200E-016 ) ) ;
#829 = AXIS2_PLACEMENT_3D ( 'NONE', #1292, #2222, #828 ) ;
#830 = DIRECTION ( 'NONE',  ( 0.0000000000000000000, 1.000000000000000000, 0.0000000000000000000 ) ) ;
#831 = CARTESIAN_POINT ( 'NONE',  ( 0.7050000000000000700, 3.734998761554724200, 1.799995674242883800 ) ) ;
#832 = VECTOR ( 'NONE', #1068, 1000.000000000000100 ) ;
#833 = VERTEX_POINT ( 'NONE', #529 ) ;
#834 = VECTOR ( 'NONE', #98, 1000.000000000000000 ) ;
#835 = DIRECTION ( 'NONE',  ( -2.168404344971008900E-015, 0.0000000000000000000, -1.000000000000000000 ) ) ;
#836 = CARTESIAN_POINT ( 'NONE',  ( -1.605000000000000000, 3.934998761554723900, -0.1000043257571162200 ) ) ;
#837 = PRESENTATION_STYLE_ASSIGNMENT (( #1457 ) ) ;
#838 = ORIENTED_EDGE ( 'NONE', *, *, #1859, .T. ) ;
#839 = FACE_OUTER_BOUND ( 'NONE', #2283, .T. ) ;
#840 = PRESENTATION_LAYER_ASSIGNMENT (  '', '', ( #44 ) ) ;
#841 = DIRECTION ( 'NONE',  ( 0.2035585949527793400, 0.2035585949527793400, -0.9576678948579725500 ) ) ;
#842 = EDGE_CURVE ( 'NONE', #1102, #2758, #1445, .T. ) ;
#843 = ORIENTED_EDGE ( 'NONE', *, *, #461, .F. ) ;
#844 = CARTESIAN_POINT ( 'NONE',  ( 0.7050000000000000700, -3.634998761554724100, 1.799995674242883500 ) ) ;
#845 = PLANE ( 'NONE',  #154 ) ;
#846 = CARTESIAN_POINT ( 'NONE',  ( -1.705000000000000100, -3.084998761554723900, 1.999995674242884200 ) ) ;
#847 = EDGE_CURVE ( 'NONE', #855, #2976, #903, .T. ) ;
#848 = CARTESIAN_POINT ( 'NONE',  ( -1.705000000000000100, 3.734998761554723800, 0.09999567424288381700 ) ) ;
#849 = DIRECTION ( 'NONE',  ( 0.0000000000000000000, 0.0000000000000000000, -1.000000000000000000 ) ) ;
#850 = AXIS2_PLACEMENT_3D ( 'NONE', #2627, #2887, #2206 ) ;
#851 = ORIENTED_EDGE ( 'NONE', *, *, #2651, .F. ) ;
#852 = VECTOR ( 'NONE', #430, 1000.000000000000000 ) ;
#853 = AXIS2_PLACEMENT_3D ( 'NONE', #1138, #2723, #203 ) ;
#854 = CARTESIAN_POINT ( 'NONE',  ( 1.705000000000000100, -3.934998761554723900, 0.09999567424288377500 ) ) ;
#855 = VERTEX_POINT ( 'NONE', #292 ) ;
#856 = VERTEX_POINT ( 'NONE', #2361 ) ;
#857 = ORIENTED_EDGE ( 'NONE', *, *, #842, .T. ) ;
#858 = EDGE_LOOP ( 'NONE', ( #1446, #1084, #1037, #2335 ) ) ;
#859 = DIRECTION ( 'NONE',  ( -0.2079116908177597900, 0.0000000000000000000, -0.9781476007338055800 ) ) ;
#860 = VERTEX_POINT ( 'NONE', #1448 ) ;
#861 = ORIENTED_EDGE ( 'NONE', *, *, #1677, .T. ) ;
#862 = CARTESIAN_POINT ( 'NONE',  ( 1.605000000000000000, 3.934998761554723900, -0.1000043257571162200 ) ) ;
#863 = DIRECTION ( 'NONE',  ( 0.0000000000000000000, -1.000000000000000000, -6.672013369141566200E-016 ) ) ;
#864 = DIRECTION ( 'NONE',  ( 0.4290568145682860400, 0.0000000000000000000, 0.9032775043542906600 ) ) ;
#865 = EDGE_CURVE ( 'NONE', #885, #1768, #1231, .T. ) ;
#866 = LINE ( 'NONE', #1505, #827 ) ;
#867 = VERTEX_POINT ( 'NONE', #48 ) ;
#868 = SHAPE_DEFINITION_REPRESENTATION ( #1641, #539 ) ;
#869 = CARTESIAN_POINT ( 'NONE',  ( 1.605000000000000000, 3.734998761554723800, -0.1000043257571162200 ) ) ;
#870 = VECTOR ( 'NONE', #1578, 1000.000000000000000 ) ;
#871 = ORIENTED_EDGE ( 'NONE', *, *, #481, .T. ) ;
#872 =( GEOMETRIC_REPRESENTATION_CONTEXT ( 3 ) GLOBAL_UNCERTAINTY_ASSIGNED_CONTEXT ( ( #2572 ) ) GLOBAL_UNIT_ASSIGNED_CONTEXT ( ( #1268, #62, #2858 ) ) REPRESENTATION_CONTEXT ( 'NONE', 'WORKASPACE' ) );
#873 = SURFACE_SIDE_STYLE ('',( #2989 ) ) ;
#874 = PRESENTATION_STYLE_ASSIGNMENT (( #1572 ) ) ;
#875 = CARTESIAN_POINT ( 'NONE',  ( 1.129999999999999700, 3.934998761554723900, -3.000004325757116100 ) ) ;
#876 = CARTESIAN_POINT ( 'NONE',  ( 0.7050000000000000700, -3.734998761554723800, -3.000004325757116100 ) ) ;
#877 = CIRCLE ( 'NONE', #2779, 0.1000000000000000100 ) ;
#878 = AXIS2_PLACEMENT_3D ( 'NONE', #2191, #332, #1965 ) ;
#879 = CARTESIAN_POINT ( 'NONE',  ( 0.7050000000000000700, -3.084998761554723900, 1.799995674242883500 ) ) ;
#880 = FILL_AREA_STYLE_COLOUR ( '', #1416 ) ;
#881 = ADVANCED_FACE ( 'NONE', ( #2804 ), #776, .T. ) ;
#882 = PLANE ( 'NONE',  #1747 ) ;
#883 = EDGE_CURVE ( 'NONE', #454, #2087, #1824, .T. ) ;
#884 = CARTESIAN_POINT ( 'NONE',  ( 1.705000000000000100, -3.634998761554724100, 1.699995674242883700 ) ) ;
#885 = VERTEX_POINT ( 'NONE', #1672 ) ;
#886 = CARTESIAN_POINT ( 'NONE',  ( 0.7050000000000000700, -3.734998761554723800, 1.699995674242883700 ) ) ;
#887 = ORIENTED_EDGE ( 'NONE', *, *, #84, .F. ) ;
#888 = DIRECTION ( 'NONE',  ( -1.000000000000000000, -0.0000000000000000000, -0.0000000000000000000 ) ) ;
#889 = PRESENTATION_LAYER_ASSIGNMENT (  '', '', ( #1510 ) ) ;
#890 = DIRECTION ( 'NONE',  ( -0.0000000000000000000, -1.000000000000000000, -0.0000000000000000000 ) ) ;
#891 = ORIENTED_EDGE ( 'NONE', *, *, #2584, .F. ) ;
#892 = VERTEX_POINT ( 'NONE', #537 ) ;
#893 = DIRECTION ( 'NONE',  ( 1.000000000000000000, 0.0000000000000000000, 0.0000000000000000000 ) ) ;
#894 = ORIENTED_EDGE ( 'NONE', *, *, #1688, .F. ) ;
#895 = ORIENTED_EDGE ( 'NONE', *, *, #1915, .F. ) ;
#896 = CARTESIAN_POINT ( 'NONE',  ( -2.389999999999999700, -3.200000000000000200, 1.850000000000000100 ) ) ;
#897 = EDGE_CURVE ( 'NONE', #1232, #243, #2698, .T. ) ;
#898 = FILL_AREA_STYLE_COLOUR ( '', #659 ) ;
#899 = CARTESIAN_POINT ( 'NONE',  ( 1.035000000000000100, 3.734998761554723800, -2.800004325757116300 ) ) ;
#900 = VECTOR ( 'NONE', #773, 1000.000000000000000 ) ;
#901 = DIRECTION ( 'NONE',  ( 0.0000000000000000000, 0.0000000000000000000, 1.000000000000000000 ) ) ;
#902 = DIRECTION ( 'NONE',  ( -1.000000000000000000, -0.0000000000000000000, -0.0000000000000000000 ) ) ;
#903 = CIRCLE ( 'NONE', #1205, 0.1000000000000000100 ) ;
#904 = VERTEX_POINT ( 'NONE', #981 ) ;
#905 = DIRECTION ( 'NONE',  ( -1.000000000000000000, 0.0000000000000000000, -0.0000000000000000000 ) ) ;
#906 = CIRCLE ( 'NONE', #469, 0.1000000000000000100 ) ;
#907 = CARTESIAN_POINT ( 'NONE',  ( 1.705000000000000100, 3.934998761554723900, 1.799995674242883800 ) ) ;
#908 = VECTOR ( 'NONE', #2598, 1000.000000000000000 ) ;
#909 = AXIS2_PLACEMENT_3D ( 'NONE', #269, #2129, #503 ) ;
#910 = SURFACE_STYLE_USAGE ( .BOTH. , #1370 ) ;
#911 = ORIENTED_EDGE ( 'NONE', *, *, #2880, .T. ) ;
#912 = EDGE_CURVE ( 'NONE', #904, #812, #1790, .T. ) ;
#913 = CARTESIAN_POINT ( 'NONE',  ( 1.035000000000000100, 3.934998761554723900, -2.800004325757116300 ) ) ;
#914 = AXIS2_PLACEMENT_3D ( 'NONE', #1649, #2127, #274 ) ;
#915 =( NAMED_UNIT ( * ) PLANE_ANGLE_UNIT ( ) SI_UNIT ( $, .RADIAN. ) );
#916 = CARTESIAN_POINT ( 'NONE',  ( 1.035000000000000100, 3.734998761554723800, -3.000004325757116100 ) ) ;
#917 = ORIENTED_EDGE ( 'NONE', *, *, #218, .F. ) ;
#918 = CARTESIAN_POINT ( 'NONE',  ( 1.705000000000000100, -3.634998761554724100, 1.799995674242883500 ) ) ;
#919 = EDGE_CURVE ( 'NONE', #1168, #1541, #1519, .T. ) ;
#920 = FACE_OUTER_BOUND ( 'NONE', #541, .T. ) ;
#921 = DIRECTION ( 'NONE',  ( -0.9781476007338055800, 0.0000000000000000000, 0.2079116908177597900 ) ) ;
#922 = EDGE_CURVE ( 'NONE', #2451, #2942, #54, .T. ) ;
#923 = ORIENTED_EDGE ( 'NONE', *, *, #1589, .T. ) ;
#924 = FILL_AREA_STYLE ('',( #22 ) ) ;
#925 = ORIENTED_EDGE ( 'NONE', *, *, #1392, .F. ) ;
#926 = VERTEX_POINT ( 'NONE', #1272 ) ;
#927 = ORIENTED_EDGE ( 'NONE', *, *, #785, .T. ) ;
#928 = DIRECTION ( 'NONE',  ( -1.000000000000000000, -0.0000000000000000000, 0.0000000000000000000 ) ) ;
#929 = EDGE_LOOP ( 'NONE', ( #1472, #1643, #996, #2967 ) ) ;
#930 = ORIENTED_EDGE ( 'NONE', *, *, #1787, .F. ) ;
#931 = VECTOR ( 'NONE', #2675, 1000.000000000000000 ) ;
#932 = AXIS2_PLACEMENT_3D ( 'NONE', #2396, #2815, #1007 ) ;
#933 = CARTESIAN_POINT ( 'NONE',  ( 0.7050000000000000700, 3.734998761554724200, 1.999995674242883700 ) ) ;
#934 = PRESENTATION_STYLE_ASSIGNMENT (( #1315 ) ) ;
#935 = LINE ( 'NONE', #35, #1200 ) ;
#936 = VERTEX_POINT ( 'NONE', #324 ) ;
#937 = CYLINDRICAL_SURFACE ( 'NONE', #1174, 0.09999999999999999200 ) ;
#938 = PLANE ( 'NONE',  #366 ) ;
#939 = EDGE_CURVE ( 'NONE', #1912, #2235, #2353, .T. ) ;
#940 = VERTEX_POINT ( 'NONE', #1497 ) ;
#941 = VECTOR ( 'NONE', #2101, 1000.000000000000000 ) ;
#942 = CARTESIAN_POINT ( 'NONE',  ( 0.8050000000000001600, -3.734998761554723800, 0.09999567424288377500 ) ) ;
#943 = LINE ( 'NONE', #1827, #321 ) ;
#944 = DIRECTION ( 'NONE',  ( 0.0000000000000000000, 1.000000000000000000, 0.0000000000000000000 ) ) ;
#945 = CYLINDRICAL_SURFACE ( 'NONE', #1285, 0.09999999999999961700 ) ;
#946 = AXIS2_PLACEMENT_3D ( 'NONE', #780, #802, #1949 ) ;
#947 = VECTOR ( 'NONE', #325, 1000.000000000000000 ) ;
#948 = ORIENTED_EDGE ( 'NONE', *, *, #75, .T. ) ;
#949 = DIRECTION ( 'NONE',  ( -1.000000000000000000, 0.0000000000000000000, 0.0000000000000000000 ) ) ;
#950 = CARTESIAN_POINT ( 'NONE',  ( 0.7050000000000000700, -3.084998761554723900, 1.999995674242884200 ) ) ;
#951 = CARTESIAN_POINT ( 'NONE',  ( 0.7050000000000000700, 3.734998761554724200, 1.799995674242883800 ) ) ;
#952 = UNCERTAINTY_MEASURE_WITH_UNIT (LENGTH_MEASURE( 1.000000000000000100E-005 ), #351, 'distance_accuracy_value', 'NONE');
#953 = ORIENTED_EDGE ( 'NONE', *, *, #2813, .F. ) ;
#954 =( NAMED_UNIT ( * ) PLANE_ANGLE_UNIT ( ) SI_UNIT ( $, .RADIAN. ) );
#955 = ORIENTED_EDGE ( 'NONE', *, *, #213, .F. ) ;
#956 = CARTESIAN_POINT ( 'NONE',  ( 0.0000000000000000000, 2.913048641745469500, 0.5000000000000000000 ) ) ;
#957 = LINE ( 'NONE', #1676, #1992 ) ;
#958 = PLANE ( 'NONE',  #2540 ) ;
#959 = EDGE_CURVE ( 'NONE', #1730, #2805, #2769, .T. ) ;
#960 = ORIENTED_EDGE ( 'NONE', *, *, #1618, .F. ) ;
#961 = ORIENTED_EDGE ( 'NONE', *, *, #198, .F. ) ;
#962 = ORIENTED_EDGE ( 'NONE', *, *, #1810, .T. ) ;
#963 = ORIENTED_EDGE ( 'NONE', *, *, #96, .T. ) ;
#964 = VERTEX_POINT ( 'NONE', #511 ) ;
#965 = FILL_AREA_STYLE_COLOUR ( '', #362 ) ;
#966 = AXIS2_PLACEMENT_3D ( 'NONE', #1728, #104, #1970 ) ;
#967 = CARTESIAN_POINT ( 'NONE',  ( 0.7050000000000000700, 3.934998761554723900, -3.000004325757116100 ) ) ;
#968 = CARTESIAN_POINT ( 'NONE',  ( -1.705000000000000100, -3.734998761554724200, 1.999995674242883700 ) ) ;
#969 =( LENGTH_UNIT ( ) NAMED_UNIT ( * ) SI_UNIT ( .MILLI., .METRE. ) );
#970 = VECTOR ( 'NONE', #2123, 1000.000000000000000 ) ;
#971 = LINE ( 'NONE', #2882, #1860 ) ;
#972 = ORIENTED_EDGE ( 'NONE', *, *, #1316, .F. ) ;
#973 = LINE ( 'NONE', #1714, #1127 ) ;
#974 = PLANE ( 'NONE',  #504 ) ;
#975 = LINE ( 'NONE', #1293, #396 ) ;
#976 = VECTOR ( 'NONE', #1432, 1000.000000000000000 ) ;
#977 = LINE ( 'NONE', #215, #2293 ) ;
#978 = CARTESIAN_POINT ( 'NONE',  ( -1.505000000000000100, 3.734998761554723800, -2.801957100939561400 ) ) ;
#979 = VECTOR ( 'NONE', #1235, 1000.000000000000000 ) ;
#980 = EDGE_CURVE ( 'NONE', #2861, #82, #688, .T. ) ;
#981 = CARTESIAN_POINT ( 'NONE',  ( -0.7050000000000000700, -3.734998761554723800, 1.699995674242883700 ) ) ;
#982 = CARTESIAN_POINT ( 'NONE',  ( -1.705000000000000100, 3.634998761554724100, 1.799995674242883500 ) ) ;
#983 = ORIENTED_EDGE ( 'NONE', *, *, #481, .F. ) ;
#984 = AXIS2_PLACEMENT_3D ( 'NONE', #1761, #1988, #1737 ) ;
#985 = CARTESIAN_POINT ( 'NONE',  ( 0.7050000000000000700, -3.934998761554723900, 1.799995674242883800 ) ) ;
#986 = CARTESIAN_POINT ( 'NONE',  ( -1.400976387591222400, 3.734998761554723800, -3.000004325757116100 ) ) ;
#987 = AXIS2_PLACEMENT_3D ( 'NONE', #789, #312, #553 ) ;
#988 = VERTEX_POINT ( 'NONE', #1516 ) ;
#989 = PLANE ( 'NONE',  #815 ) ;
#990 = EDGE_CURVE ( 'NONE', #1541, #37, #1008, .T. ) ;
#991 = COLOUR_RGB ( '',0.6274509803921568500, 0.6274509803921568500, 0.6274509803921568500 ) ;
#992 = EDGE_CURVE ( 'NONE', #379, #2181, #971, .T. ) ;
#993 = EDGE_LOOP ( 'NONE', ( #1313, #1098, #2899, #1706 ) ) ;
#994 = SURFACE_SIDE_STYLE ('',( #651 ) ) ;
#995 = ORIENTED_EDGE ( 'NONE', *, *, #1156, .T. ) ;
#996 = ORIENTED_EDGE ( 'NONE', *, *, #2190, .T. ) ;
#997 = ORIENTED_EDGE ( 'NONE', *, *, #1915, .T. ) ;
#998 = EDGE_CURVE ( 'NONE', #344, #867, #2006, .T. ) ;
#999 = ORIENTED_EDGE ( 'NONE', *, *, #691, .F. ) ;
#1000 = DIRECTION ( 'NONE',  ( 0.0000000000000000000, 0.0000000000000000000, 1.000000000000000000 ) ) ;
#1001 = ORIENTED_EDGE ( 'NONE', *, *, #1599, .F. ) ;
#1002 = VECTOR ( 'NONE', #2683, 1000.000000000000000 ) ;
#1003 = CARTESIAN_POINT ( 'NONE',  ( 0.7050000000000000700, -3.934998761554723900, -3.000004325757116100 ) ) ;
#1004 = ADVANCED_FACE ( 'NONE', ( #2076 ), #1663, .T. ) ;
#1005 = STYLED_ITEM ( 'NONE', ( #934 ), #1476 ) ;
#1006 = LINE ( 'NONE', #2679, #1892 ) ;
#1007 = DIRECTION ( 'NONE',  ( 0.0000000000000000000, 1.000000000000000000, 6.672013369141566200E-016 ) ) ;
#1008 = LINE ( 'NONE', #1750, #275 ) ;
#1009 = EDGE_LOOP ( 'NONE', ( #894, #2080, #771, #229 ) ) ;
#1010 = AXIS2_PLACEMENT_3D ( 'NONE', #1465, #65, #1695 ) ;
#1011 = DIRECTION ( 'NONE',  ( 1.000000000000000000, 0.0000000000000000000, -0.0000000000000000000 ) ) ;
#1012 = CARTESIAN_POINT ( 'NONE',  ( 0.7050000000000000700, 3.084998761554723900, 1.999995674242884200 ) ) ;
#1013 = ORIENTED_EDGE ( 'NONE', *, *, #708, .F. ) ;
#1014 = LINE ( 'NONE', #2447, #1711 ) ;
#1015 = PLANE ( 'NONE',  #850 ) ;
#1016 = CIRCLE ( 'NONE', #2069, 0.1000000000000000100 ) ;
#1017 = FACE_OUTER_BOUND ( 'NONE', #10, .T. ) ;
#1018 = DIRECTION ( 'NONE',  ( 0.0000000000000000000, 1.000000000000000000, 0.0000000000000000000 ) ) ;
#1019 = DIRECTION ( 'NONE',  ( 0.0000000000000000000, 1.000000000000000000, 0.0000000000000000000 ) ) ;
#1020 = EDGE_CURVE ( 'NONE', #2007, #270, #2874, .T. ) ;
#1021 = ADVANCED_FACE ( 'NONE', ( #2383 ), #2671, .T. ) ;
#1022 = DIRECTION ( 'NONE',  ( 0.0000000000000000000, 0.0000000000000000000, -1.000000000000000000 ) ) ;
#1023 = PLANE ( 'NONE',  #1071 ) ;
#1024 = DIRECTION ( 'NONE',  ( 0.0000000000000000000, 0.0000000000000000000, 1.000000000000000000 ) ) ;
#1025 = AXIS2_PLACEMENT_3D ( 'NONE', #650, #2973, #1601 ) ;
#1026 = CARTESIAN_POINT ( 'NONE',  ( 2.103048641745470300, 2.913048641745470000, 3.200000000000000200 ) ) ;
#1027 = CARTESIAN_POINT ( 'NONE',  ( -0.7050000000000000700, -3.734998761554723800, 0.09999567424288360900 ) ) ;
#1028 = DIRECTION ( 'NONE',  ( 0.0000000000000000000, 1.000000000000000000, -0.0000000000000000000 ) ) ;
#1029 = SURFACE_STYLE_USAGE ( .BOTH. , #994 ) ;
#1030 = ORIENTED_EDGE ( 'NONE', *, *, #1658, .F. ) ;
#1031 = DIRECTION ( 'NONE',  ( 0.0000000000000000000, -0.2079116908177597900, 0.9781476007338055800 ) ) ;
#1032 = FILL_AREA_STYLE_COLOUR ( '', #510 ) ;
#1033 = LINE ( 'NONE', #1287, #2197 ) ;
#1034 = ADVANCED_FACE ( 'NONE', ( #136 ), #2211, .F. ) ;
#1035 = ORIENTED_EDGE ( 'NONE', *, *, #2767, .T. ) ;
#1036 = DIRECTION ( 'NONE',  ( 0.0000000000000000000, 0.0000000000000000000, -1.000000000000000000 ) ) ;
#1037 = ORIENTED_EDGE ( 'NONE', *, *, #1458, .T. ) ;
#1038 = EDGE_CURVE ( 'NONE', #1650, #1996, #507, .T. ) ;
#1039 = ORIENTED_EDGE ( 'NONE', *, *, #130, .F. ) ;
#1040 = VERTEX_POINT ( 'NONE', #316 ) ;
#1041 = CARTESIAN_POINT ( 'NONE',  ( -1.035000000000000100, 3.934998761554723900, -2.800004325757116300 ) ) ;
#1042 = LINE ( 'NONE', #188, #1583 ) ;
#1043 = DIRECTION ( 'NONE',  ( 0.0000000000000000000, -1.000000000000000000, 0.0000000000000000000 ) ) ;
#1044 = AXIS2_PLACEMENT_3D ( 'NONE', #1425, #1858, #2333 ) ;
#1045 = DIRECTION ( 'NONE',  ( 1.000000000000000000, -0.0000000000000000000, -0.0000000000000000000 ) ) ;
#1046 = CARTESIAN_POINT ( 'NONE',  ( 0.0000000000000000000, -3.934998761554723900, -4.325757116223349900E-006 ) ) ;
#1047 = CIRCLE ( 'NONE', #2464, 0.1000000000000000100 ) ;
#1048 = DIRECTION ( 'NONE',  ( -1.000000000000000000, 0.0000000000000000000, -0.0000000000000000000 ) ) ;
#1049 = LINE ( 'NONE', #521, #209 ) ;
#1050 = LINE ( 'NONE', #576, #834 ) ;
#1051 = VERTEX_POINT ( 'NONE', #1958 ) ;
#1052 = CYLINDRICAL_SURFACE ( 'NONE', #2220, 0.1000000000000000100 ) ;
#1053 = DIRECTION ( 'NONE',  ( 0.4650049686007404800, 0.0000000000000000000, -0.8853080702086840700 ) ) ;
#1054 = ADVANCED_FACE ( 'NONE', ( #1377 ), #1717, .T. ) ;
#1055 = LINE ( 'NONE', #2302, #1523 ) ;
#1056 = EDGE_CURVE ( 'NONE', #477, #231, #2462, .T. ) ;
#1057 = LINE ( 'NONE', #257, #2704 ) ;
#1058 = DIRECTION ( 'NONE',  ( 0.0000000000000000000, 0.0000000000000000000, 1.000000000000000000 ) ) ;
#1059 = LINE ( 'NONE', #956, #756 ) ;
#1060 = DIRECTION ( 'NONE',  ( 1.000000000000000000, -0.0000000000000000000, -0.0000000000000000000 ) ) ;
#1061 = DIRECTION ( 'NONE',  ( 0.0000000000000000000, 0.0000000000000000000, 1.000000000000000000 ) ) ;
#1062 = LINE ( 'NONE', #2429, #2707 ) ;
#1063 = DIRECTION ( 'NONE',  ( -1.000000000000000000, 0.0000000000000000000, 0.0000000000000000000 ) ) ;
#1064 = DIRECTION ( 'NONE',  ( -0.4290568145682860400, 0.0000000000000000000, -0.9032775043542906600 ) ) ;
#1065 = VERTEX_POINT ( 'NONE', #149 ) ;
#1066 =( NAMED_UNIT ( * ) PLANE_ANGLE_UNIT ( ) SI_UNIT ( $, .RADIAN. ) );
#1067 = AXIS2_PLACEMENT_3D ( 'NONE', #2912, #2024, #1329 ) ;
#1068 = DIRECTION ( 'NONE',  ( 0.4650049686007405300, 0.0000000000000000000, -0.8853080702086840700 ) ) ;
#1069 = DIRECTION ( 'NONE',  ( -0.2079116908177597900, 0.0000000000000000000, 0.9781476007338055800 ) ) ;
#1070 = CARTESIAN_POINT ( 'NONE',  ( -1.400976387591222400, 3.934998761554723900, -3.000004325757116100 ) ) ;
#1071 = AXIS2_PLACEMENT_3D ( 'NONE', #2212, #1011, #1752 ) ;
#1072 = EDGE_LOOP ( 'NONE', ( #1089, #787, #426, #1467 ) ) ;
#1073 = ADVANCED_FACE ( 'NONE', ( #1161 ), #353, .T. ) ;
#1074 = CARTESIAN_POINT ( 'NONE',  ( 0.8050000000000001600, 3.934998761554723900, 0.09999567424288377500 ) ) ;
#1075 = PLANE ( 'NONE',  #596 ) ;
#1076 = EDGE_CURVE ( 'NONE', #1051, #2792, #2913, .T. ) ;
#1077 = CARTESIAN_POINT ( 'NONE',  ( -1.505000000000000100, 3.934998761554723900, -2.801957100939561400 ) ) ;
#1078 = AXIS2_PLACEMENT_3D ( 'NONE', #1902, #20, #1673 ) ;
#1079 = VERTEX_POINT ( 'NONE', #2014 ) ;
#1080 = DIRECTION ( 'NONE',  ( -1.000000000000000000, 0.0000000000000000000, -0.0000000000000000000 ) ) ;
#1081 = DIRECTION ( 'NONE',  ( 1.000000000000000000, 0.0000000000000000000, 0.0000000000000000000 ) ) ;
#1082 = CARTESIAN_POINT ( 'NONE',  ( 2.390000000000000600, -3.200000000000000200, 1.850000000000000100 ) ) ;
#1083 = ORIENTED_EDGE ( 'NONE', *, *, #2518, .T. ) ;
#1084 = ORIENTED_EDGE ( 'NONE', *, *, #992, .F. ) ;
#1085 = ORIENTED_EDGE ( 'NONE', *, *, #912, .F. ) ;
#1086 = DIRECTION ( 'NONE',  ( 0.0000000000000000000, 0.0000000000000000000, -1.000000000000000000 ) ) ;
#1087 = CARTESIAN_POINT ( 'NONE',  ( -0.9350000000000000500, 3.934998761554723900, -4.325757116223349900E-006 ) ) ;
#1088 = VERTEX_POINT ( 'NONE', #2681 ) ;
#1089 = ORIENTED_EDGE ( 'NONE', *, *, #555, .T. ) ;
#1090 = CYLINDRICAL_SURFACE ( 'NONE', #272, 0.1000000000000000100 ) ;
#1091 = EDGE_CURVE ( 'NONE', #2556, #1811, #1550, .T. ) ;
#1092 = DIRECTION ( 'NONE',  ( 0.0000000000000000000, 0.0000000000000000000, 1.000000000000000000 ) ) ;
#1093 = ADVANCED_FACE ( 'NONE', ( #1097 ), #134, .F. ) ;
#1094 = VECTOR ( 'NONE', #406, 1000.000000000000000 ) ;
#1095 = AXIS2_PLACEMENT_3D ( 'NONE', #2564, #1986, #1701 ) ;
#1096 = DIRECTION ( 'NONE',  ( 0.0000000000000000000, 0.0000000000000000000, 1.000000000000000000 ) ) ;
#1097 = FACE_OUTER_BOUND ( 'NONE', #2552, .T. ) ;
#1098 = ORIENTED_EDGE ( 'NONE', *, *, #1688, .T. ) ;
#1099 = VECTOR ( 'NONE', #1321, 1000.000000000000000 ) ;
#1100 = CARTESIAN_POINT ( 'NONE',  ( 0.7050000000000000700, 3.734998761554723800, 0.09999567424288360900 ) ) ;
#1101 = CARTESIAN_POINT ( 'NONE',  ( -0.7050000000000000700, 3.734998761554724200, 1.799995674242883800 ) ) ;
#1102 = VERTEX_POINT ( 'NONE', #2201 ) ;
#1103 = FACE_OUTER_BOUND ( 'NONE', #1955, .T. ) ;
#1104 =( GEOMETRIC_REPRESENTATION_CONTEXT ( 3 ) GLOBAL_UNCERTAINTY_ASSIGNED_CONTEXT ( ( #2768 ) ) GLOBAL_UNIT_ASSIGNED_CONTEXT ( ( #1668, #1418, #505 ) ) REPRESENTATION_CONTEXT ( 'NONE', 'WORKASPACE' ) );
#1105 = LINE ( 'NONE', #2956, #627 ) ;
#1106 = CARTESIAN_POINT ( 'NONE',  ( 0.7050000000000000700, -3.634998761554724100, 1.699995674242883700 ) ) ;
#1107 = ADVANCED_FACE ( 'NONE', ( #617 ), #1318, .F. ) ;
#1108 = EDGE_CURVE ( 'NONE', #477, #155, #935, .T. ) ;
#1109 = AXIS2_PLACEMENT_3D ( 'NONE', #2467, #2023, #2244 ) ;
#1110 = ORIENTED_EDGE ( 'NONE', *, *, #2288, .T. ) ;
#1111 = CARTESIAN_POINT ( 'NONE',  ( -0.7050000000000000700, 3.084998761554723900, 1.999995674242884200 ) ) ;
#1112 = ORIENTED_EDGE ( 'NONE', *, *, #2364, .F. ) ;
#1113 =( NAMED_UNIT ( * ) PLANE_ANGLE_UNIT ( ) SI_UNIT ( $, .RADIAN. ) );
#1114 = VECTOR ( 'NONE', #1767, 1000.000000000000000 ) ;
#1115 = DIRECTION ( 'NONE',  ( 1.000000000000000000, -0.0000000000000000000, -0.0000000000000000000 ) ) ;
#1116 = ORIENTED_EDGE ( 'NONE', *, *, #1159, .F. ) ;
#1117 = ORIENTED_EDGE ( 'NONE', *, *, #252, .T. ) ;
#1118 = PLANE ( 'NONE',  #2272 ) ;
#1119 = ADVANCED_FACE ( 'NONE', ( #2289 ), #738, .T. ) ;
#1120 = EDGE_LOOP ( 'NONE', ( #2369, #2483, #2617, #1791 ) ) ;
#1121 = EDGE_LOOP ( 'NONE', ( #1805, #331, #2975, #2836 ) ) ;
#1122 =( NAMED_UNIT ( * ) PLANE_ANGLE_UNIT ( ) SI_UNIT ( $, .RADIAN. ) );
#1123 = SURFACE_STYLE_USAGE ( .BOTH. , #2484 ) ;
#1124 = DIRECTION ( 'NONE',  ( 0.2079116908177597900, 0.0000000000000000000, 0.9781476007338055800 ) ) ;
#1125 = EDGE_CURVE ( 'NONE', #2556, #2344, #795, .T. ) ;
#1126 = DIRECTION ( 'NONE',  ( 0.0000000000000000000, -1.000000000000000000, -0.0000000000000000000 ) ) ;
#1127 = VECTOR ( 'NONE', #1254, 1000.000000000000000 ) ;
#1128 = ORIENTED_EDGE ( 'NONE', *, *, #2134, .F. ) ;
#1129 = AXIS2_PLACEMENT_3D ( 'NONE', #2949, #609, #1031 ) ;
#1130 = VECTOR ( 'NONE', #2419, 1000.000000000000000 ) ;
#1131 = CYLINDRICAL_SURFACE ( 'NONE', #1606, 0.1000000000000000100 ) ;
#1132 = VECTOR ( 'NONE', #2685, 1000.000000000000000 ) ;
#1133 = VECTOR ( 'NONE', #2606, 1000.000000000000000 ) ;
#1134 = CARTESIAN_POINT ( 'NONE',  ( 1.705000000000000100, 3.734998761554723800, 1.699995674242883700 ) ) ;
#1135 = CARTESIAN_POINT ( 'NONE',  ( -0.7050000000000000700, 3.084998761554723900, 1.799995674242883500 ) ) ;
#1136 = CARTESIAN_POINT ( 'NONE',  ( 0.9350000000000000500, 3.734998761554723800, -4.325757116223349900E-006 ) ) ;
#1137 = EDGE_LOOP ( 'NONE', ( #590, #137, #1116, #518 ) ) ;
#1138 = CARTESIAN_POINT ( 'NONE',  ( -1.505000000000000100, 3.934998761554723900, -2.801957100939561400 ) ) ;
#1139 = DIRECTION ( 'NONE',  ( 0.0000000000000000000, 0.0000000000000000000, -1.000000000000000000 ) ) ;
#1140 =( NAMED_UNIT ( * ) SI_UNIT ( $, .STERADIAN. ) SOLID_ANGLE_UNIT ( ) );
#1141 = EDGE_CURVE ( 'NONE', #2520, #988, #2421, .T. ) ;
#1142 = CARTESIAN_POINT ( 'NONE',  ( -1.505000000000000100, 3.934998761554723900, 0.0000000000000000000 ) ) ;
#1143 = DIRECTION ( 'NONE',  ( -0.0000000000000000000, -1.000000000000000000, -0.0000000000000000000 ) ) ;
#1144 = ORIENTED_EDGE ( 'NONE', *, *, #1323, .T. ) ;
#1145 = ORIENTED_EDGE ( 'NONE', *, *, #433, .F. ) ;
#1146 =( NAMED_UNIT ( * ) SI_UNIT ( $, .STERADIAN. ) SOLID_ANGLE_UNIT ( ) );
#1147 = FACE_OUTER_BOUND ( 'NONE', #1723, .T. ) ;
#1148 = DIRECTION ( 'NONE',  ( 0.0000000000000000000, 0.0000000000000000000, -1.000000000000000000 ) ) ;
#1149 = VERTEX_POINT ( 'NONE', #43 ) ;
#1150 = PRESENTATION_LAYER_ASSIGNMENT (  '', '', ( #2931 ) ) ;
#1151 = CARTESIAN_POINT ( 'NONE',  ( -1.705000000000000100, 3.734998761554724200, 1.799995674242883800 ) ) ;
#1152 = ORIENTED_EDGE ( 'NONE', *, *, #2093, .T. ) ;
#1153 = CARTESIAN_POINT ( 'NONE',  ( 1.129999999999999700, 3.934998761554723900, -3.000004325757116100 ) ) ;
#1154 = EDGE_LOOP ( 'NONE', ( #1222, #19, #2248, #1297 ) ) ;
#1155 = ORIENTED_EDGE ( 'NONE', *, *, #116, .T. ) ;
#1156 = EDGE_CURVE ( 'NONE', #988, #38, #577, .T. ) ;
#1157 = DIRECTION ( 'NONE',  ( 0.0000000000000000000, 0.0000000000000000000, 1.000000000000000000 ) ) ;
#1158 = FACE_OUTER_BOUND ( 'NONE', #1540, .T. ) ;
#1159 = EDGE_CURVE ( 'NONE', #1168, #2007, #2530, .T. ) ;
#1160 = CARTESIAN_POINT ( 'NONE',  ( 0.0000000000000000000, 0.0000000000000000000, 3.200000000000000200 ) ) ;
#1161 = FACE_OUTER_BOUND ( 'NONE', #668, .T. ) ;
#1162 = ORIENTED_EDGE ( 'NONE', *, *, #520, .F. ) ;
#1163 = DIRECTION ( 'NONE',  ( 2.168404344971008900E-015, 0.0000000000000000000, -1.000000000000000000 ) ) ;
#1164 = CIRCLE ( 'NONE', #2112, 0.1000000000000000100 ) ;
#1165 = EDGE_CURVE ( 'NONE', #2087, #2395, #93, .T. ) ;
#1166 = CIRCLE ( 'NONE', #294, 0.1000000000000000100 ) ;
#1167 = CARTESIAN_POINT ( 'NONE',  ( 1.705000000000000100, 3.934998761554723900, 1.799995674242883800 ) ) ;
#1168 = VERTEX_POINT ( 'NONE', #1897 ) ;
#1169 = LINE ( 'NONE', #2519, #2116 ) ;
#1170 = MECHANICAL_DESIGN_GEOMETRIC_PRESENTATION_REPRESENTATION (  '', ( #2215 ), #2966 ) ;
#1171 = ORIENTED_EDGE ( 'NONE', *, *, #1841, .F. ) ;
#1172 = CARTESIAN_POINT ( 'NONE',  ( -0.9350000000000000500, -3.734998761554723800, -4.325757116223349900E-006 ) ) ;
#1173 = DIRECTION ( 'NONE',  ( 0.0000000000000000000, 0.0000000000000000000, 1.000000000000000000 ) ) ;
#1174 = AXIS2_PLACEMENT_3D ( 'NONE', #135, #2224, #1061 ) ;
#1175 = DIRECTION ( 'NONE',  ( 1.000000000000000000, -0.0000000000000000000, -0.0000000000000000000 ) ) ;
#1176 = UNCERTAINTY_MEASURE_WITH_UNIT (LENGTH_MEASURE( 1.000000000000000100E-005 ), #1828, 'distance_accuracy_value', 'NONE');
#1177 = DIRECTION ( 'NONE',  ( 0.0000000000000000000, -1.000000000000000000, 0.0000000000000000000 ) ) ;
#1178 = DIRECTION ( 'NONE',  ( -0.0000000000000000000, 1.000000000000000000, -0.0000000000000000000 ) ) ;
#1179 = ORIENTED_EDGE ( 'NONE', *, *, #1702, .F. ) ;
#1180 = EDGE_CURVE ( 'NONE', #860, #855, #2004, .T. ) ;
#1181 = CIRCLE ( 'NONE', #1067, 0.1000000000000000100 ) ;
#1182 = DIRECTION ( 'NONE',  ( 0.0000000000000000000, 0.0000000000000000000, 1.000000000000000000 ) ) ;
#1183 = MANIFOLD_SOLID_BREP ( 'ｶｯﾄ - 押し出し5[2]', #644 ) ;
#1184 = CARTESIAN_POINT ( 'NONE',  ( -1.505000000000000100, -3.734998761554723800, -2.801957100939561400 ) ) ;
#1185 = PRESENTATION_LAYER_ASSIGNMENT (  '', '', ( #2867 ) ) ;
#1186 = ORIENTED_EDGE ( 'NONE', *, *, #1228, .T. ) ;
#1187 = ORIENTED_EDGE ( 'NONE', *, *, #17, .T. ) ;
#1188 = DIRECTION ( 'NONE',  ( 0.0000000000000000000, 0.0000000000000000000, 1.000000000000000000 ) ) ;
#1189 = DIRECTION ( 'NONE',  ( 1.000000000000000000, 0.0000000000000000000, 0.0000000000000000000 ) ) ;
#1190 = EDGE_LOOP ( 'NONE', ( #1162, #740, #2194, #2470 ) ) ;
#1191 = ORIENTED_EDGE ( 'NONE', *, *, #531, .T. ) ;
#1192 = AXIS2_PLACEMENT_3D ( 'NONE', #2057, #1617, #1381 ) ;
#1193 = CARTESIAN_POINT ( 'NONE',  ( 2.191935434451664800, 3.001935434451664400, 0.9181794813005341700 ) ) ;
#1194 = DIRECTION ( 'NONE',  ( 0.0000000000000000000, -1.000000000000000000, 0.0000000000000000000 ) ) ;
#1195 = VECTOR ( 'NONE', #2359, 1000.000000000000000 ) ;
#1196 = ORIENTED_EDGE ( 'NONE', *, *, #283, .T. ) ;
#1197 = PRESENTATION_STYLE_ASSIGNMENT (( #1123 ) ) ;
#1198 = CARTESIAN_POINT ( 'NONE',  ( -1.705000000000000100, 3.734998761554724200, 1.999995674242883700 ) ) ;
#1199 = EDGE_CURVE ( 'NONE', #2064, #1528, #2285, .T. ) ;
#1200 = VECTOR ( 'NONE', #2156, 1000.000000000000000 ) ;
#1201 = ORIENTED_EDGE ( 'NONE', *, *, #291, .T. ) ;
#1202 = LINE ( 'NONE', #2586, #694 ) ;
#1203 = VECTOR ( 'NONE', #1096, 1000.000000000000000 ) ;
#1204 = CARTESIAN_POINT ( 'NONE',  ( -0.7050000000000000700, -3.934998761554723900, 1.799995674242883800 ) ) ;
#1205 = AXIS2_PLACEMENT_3D ( 'NONE', #767, #2807, #1437 ) ;
#1206 = FACE_OUTER_BOUND ( 'NONE', #1848, .T. ) ;
#1207 = VECTOR ( 'NONE', #2801, 1000.000000000000000 ) ;
#1208 = SURFACE_STYLE_USAGE ( .BOTH. , #2581 ) ;
#1209 = ORIENTED_EDGE ( 'NONE', *, *, #2924, .T. ) ;
#1210 = CARTESIAN_POINT ( 'NONE',  ( 1.705000000000000100, -3.734998761554723800, 0.09999567424288360900 ) ) ;
#1211 =( NAMED_UNIT ( * ) PLANE_ANGLE_UNIT ( ) SI_UNIT ( $, .RADIAN. ) );
#1212 = CARTESIAN_POINT ( 'NONE',  ( -0.7050000000000000700, 3.084998761554723900, 1.999995674242884200 ) ) ;
#1213 = EDGE_CURVE ( 'NONE', #2453, #1232, #173, .T. ) ;
#1214 = PLANE ( 'NONE',  #1129 ) ;
#1215 = VERTEX_POINT ( 'NONE', #1914 ) ;
#1216 = DIRECTION ( 'NONE',  ( -1.000000000000000000, 0.0000000000000000000, -0.0000000000000000000 ) ) ;
#1217 = MECHANICAL_DESIGN_GEOMETRIC_PRESENTATION_REPRESENTATION (  '', ( #1799 ), #317 ) ;
#1218 = DIRECTION ( 'NONE',  ( 0.0000000000000000000, 1.000000000000000000, -0.0000000000000000000 ) ) ;
#1219 = ORIENTED_EDGE ( 'NONE', *, *, #980, .F. ) ;
#1220 = VERTEX_POINT ( 'NONE', #2591 ) ;
#1221 = VERTEX_POINT ( 'NONE', #986 ) ;
#1222 = ORIENTED_EDGE ( 'NONE', *, *, #1392, .T. ) ;
#1223 = VERTEX_POINT ( 'NONE', #968 ) ;
#1224 = ORIENTED_EDGE ( 'NONE', *, *, #368, .F. ) ;
#1225 = EDGE_LOOP ( 'NONE', ( #2721, #2307 ) ) ;
#1226 = CARTESIAN_POINT ( 'NONE',  ( -1.051761856195818600, -3.734998761554723800, -2.835292444064103200 ) ) ;
#1227 = CARTESIAN_POINT ( 'NONE',  ( 0.7050000000000000700, -3.634998761554724100, 1.699995674242883700 ) ) ;
#1228 = EDGE_CURVE ( 'NONE', #798, #2323, #18, .T. ) ;
#1229 = FILL_AREA_STYLE_COLOUR ( '', #2950 ) ;
#1230 = DIRECTION ( 'NONE',  ( 0.0000000000000000000, 0.0000000000000000000, 1.000000000000000000 ) ) ;
#1231 = CIRCLE ( 'NONE', #2139, 0.1000000000000000100 ) ;
#1232 = VERTEX_POINT ( 'NONE', #282 ) ;
#1233 = LINE ( 'NONE', #819, #1792 ) ;
#1234 = FACE_BOUND ( 'NONE', #1225, .T. ) ;
#1235 = DIRECTION ( 'NONE',  ( -0.0000000000000000000, -1.000000000000000000, -0.0000000000000000000 ) ) ;
#1236 = ORIENTED_EDGE ( 'NONE', *, *, #237, .T. ) ;
#1237 = LINE ( 'NONE', #1193, #2015 ) ;
#1238 = DIRECTION ( 'NONE',  ( 0.0000000000000000000, 0.0000000000000000000, 1.000000000000000000 ) ) ;
#1239 = EDGE_CURVE ( 'NONE', #1814, #1650, #350, .T. ) ;
#1240 = DIRECTION ( 'NONE',  ( 0.0000000000000000000, 0.2079116908177597900, -0.9781476007338055800 ) ) ;
#1241 = DIRECTION ( 'NONE',  ( 0.0000000000000000000, 1.000000000000000000, 0.0000000000000000000 ) ) ;
#1242 = ORIENTED_EDGE ( 'NONE', *, *, #17, .F. ) ;
#1243 = CARTESIAN_POINT ( 'NONE',  ( -1.129999999999999700, 3.934998761554723900, -3.000004325757116100 ) ) ;
#1244 =( GEOMETRIC_REPRESENTATION_CONTEXT ( 3 ) GLOBAL_UNCERTAINTY_ASSIGNED_CONTEXT ( ( #737 ) ) GLOBAL_UNIT_ASSIGNED_CONTEXT ( ( #2242, #2709, #1566 ) ) REPRESENTATION_CONTEXT ( 'NONE', 'WORKASPACE' ) );
#1245 = CARTESIAN_POINT ( 'NONE',  ( -0.7050000000000000700, -3.934998761554723900, -3.000004325757116100 ) ) ;
#1246 = SURFACE_SIDE_STYLE ('',( #1704 ) ) ;
#1247 = DIRECTION ( 'NONE',  ( -0.0000000000000000000, -1.000000000000000000, -0.0000000000000000000 ) ) ;
#1248 = EDGE_LOOP ( 'NONE', ( #1337, #2377, #1317, #1956 ) ) ;
#1249 = ADVANCED_FACE ( 'NONE', ( #1270 ), #2373, .T. ) ;
#1250 = VECTOR ( 'NONE', #1600, 1000.000000000000000 ) ;
#1251 = CARTESIAN_POINT ( 'NONE',  ( -1.129999999999999700, 3.734998761554723800, -3.000004325757116100 ) ) ;
#1252 = EDGE_CURVE ( 'NONE', #1168, #2694, #1894, .T. ) ;
#1253 = LINE ( 'NONE', #2301, #1880 ) ;
#1254 = DIRECTION ( 'NONE',  ( 0.0000000000000000000, 1.000000000000000000, 0.0000000000000000000 ) ) ;
#1255 = CARTESIAN_POINT ( 'NONE',  ( 2.390000000000000600, -3.200000000000000200, 1.850000000000000100 ) ) ;
#1256 = ORIENTED_EDGE ( 'NONE', *, *, #1391, .F. ) ;
#1257 = VERTEX_POINT ( 'NONE', #2870 ) ;
#1258 = CARTESIAN_POINT ( 'NONE',  ( -1.035000000000000100, 3.934998761554723900, 0.0000000000000000000 ) ) ;
#1259 =( GEOMETRIC_REPRESENTATION_CONTEXT ( 3 ) GLOBAL_UNCERTAINTY_ASSIGNED_CONTEXT ( ( #90 ) ) GLOBAL_UNIT_ASSIGNED_CONTEXT ( ( #450, #1568, #1140 ) ) REPRESENTATION_CONTEXT ( 'NONE', 'WORKASPACE' ) );
#1260 = DIRECTION ( 'NONE',  ( -0.0000000000000000000, 1.000000000000000000, -0.0000000000000000000 ) ) ;
#1261 = DIRECTION ( 'NONE',  ( 1.000000000000000000, -0.0000000000000000000, -0.0000000000000000000 ) ) ;
#1262 = ORIENTED_EDGE ( 'NONE', *, *, #1108, .T. ) ;
#1263 = PRESENTATION_STYLE_ASSIGNMENT (( #682 ) ) ;
#1264 = CARTESIAN_POINT ( 'NONE',  ( -2.389999999999999700, 3.200000000000000200, 1.850000000000000100 ) ) ;
#1265 = CARTESIAN_POINT ( 'NONE',  ( -1.505000000000000100, 3.734998761554723800, -3.000004325757116100 ) ) ;
#1266 = SURFACE_STYLE_FILL_AREA ( #594 ) ;
#1267 = DIRECTION ( 'NONE',  ( 0.0000000000000000000, 0.0000000000000000000, 1.000000000000000000 ) ) ;
#1268 =( LENGTH_UNIT ( ) NAMED_UNIT ( * ) SI_UNIT ( .MILLI., .METRE. ) );
#1269 = ADVANCED_FACE ( 'NONE', ( #1480 ), #2629, .F. ) ;
#1270 = FACE_OUTER_BOUND ( 'NONE', #1154, .T. ) ;
#1271 = ORIENTED_EDGE ( 'NONE', *, *, #1342, .F. ) ;
#1272 = CARTESIAN_POINT ( 'NONE',  ( 1.505000000000000100, 3.734998761554723800, -2.812418705823278100 ) ) ;
#1273 = LINE ( 'NONE', #1621, #2469 ) ;
#1274 = ORIENTED_EDGE ( 'NONE', *, *, #1239, .T. ) ;
#1275 = CYLINDRICAL_SURFACE ( 'NONE', #1078, 0.1000000000000000100 ) ;
#1276 = CARTESIAN_POINT ( 'NONE',  ( -0.7050000000000000700, -3.634998761554724100, 1.699995674242883700 ) ) ;
#1277 = FACE_OUTER_BOUND ( 'NONE', #1884, .T. ) ;
#1278 = DIRECTION ( 'NONE',  ( 0.0000000000000000000, -0.0000000000000000000, -1.000000000000000000 ) ) ;
#1279 = SURFACE_STYLE_FILL_AREA ( #703 ) ;
#1280 = LINE ( 'NONE', #2423, #2428 ) ;
#1281 = FACE_OUTER_BOUND ( 'NONE', #2548, .T. ) ;
#1282 = EDGE_CURVE ( 'NONE', #422, #305, #206, .T. ) ;
#1283 = CARTESIAN_POINT ( 'NONE',  ( 2.191935434451664800, -3.001935434451664400, 0.9181794813005341700 ) ) ;
#1284 = UNCERTAINTY_MEASURE_WITH_UNIT (LENGTH_MEASURE( 1.000000000000000100E-005 ), #2088, 'distance_accuracy_value', 'NONE');
#1285 = AXIS2_PLACEMENT_3D ( 'NONE', #1106, #367, #2696 ) ;
#1286 = ADVANCED_FACE ( 'NONE', ( #133 ), #2198, .F. ) ;
#1287 = CARTESIAN_POINT ( 'NONE',  ( -0.7050000000000000700, -3.734998761554724200, 1.999995674242883700 ) ) ;
#1288 = CARTESIAN_POINT ( 'NONE',  ( 0.7050000000000000700, 3.084998761554723900, 1.999995674242884200 ) ) ;
#1289 = AXIS2_PLACEMENT_3D ( 'NONE', #2430, #1991, #1529 ) ;
#1290 = EDGE_LOOP ( 'NONE', ( #1689, #2110, #1335, #1543, #1345, #749, #2434, #2900 ) ) ;
#1291 = EDGE_LOOP ( 'NONE', ( #1499, #2388, #1144, #1765 ) ) ;
#1292 = CARTESIAN_POINT ( 'NONE',  ( -0.7050000000000000700, 3.084998761554723900, 1.999995674242884200 ) ) ;
#1293 = CARTESIAN_POINT ( 'NONE',  ( 1.705000000000000100, -3.934998761554723900, 1.799995674242883800 ) ) ;
#1294 = CYLINDRICAL_SURFACE ( 'NONE', #377, 0.09999999999999961700 ) ;
#1295 = CARTESIAN_POINT ( 'NONE',  ( -1.035000000000000100, 3.734998761554723800, -0.1000043257571160600 ) ) ;
#1296 = DIRECTION ( 'NONE',  ( 0.0000000000000000000, 1.000000000000000000, 0.0000000000000000000 ) ) ;
#1297 = ORIENTED_EDGE ( 'NONE', *, *, #1459, .T. ) ;
#1298 = EDGE_CURVE ( 'NONE', #1149, #270, #1927, .T. ) ;
#1299 = EDGE_LOOP ( 'NONE', ( #2828, #2233, #1301, #1426 ) ) ;
#1300 = ORIENTED_EDGE ( 'NONE', *, *, #252, .F. ) ;
#1301 = ORIENTED_EDGE ( 'NONE', *, *, #146, .T. ) ;
#1302 = CARTESIAN_POINT ( 'NONE',  ( -0.7050000000000000700, -3.734998761554723800, -4.325757116223349900E-006 ) ) ;
#1303 = ADVANCED_FACE ( 'NONE', ( #751 ), #2832, .F. ) ;
#1304 = ORIENTED_EDGE ( 'NONE', *, *, #1298, .T. ) ;
#1305 = CARTESIAN_POINT ( 'NONE',  ( 1.253948196861610400, -3.734998761554723800, -3.289110361248322800 ) ) ;
#1306 = AXIS2_PLACEMENT_3D ( 'NONE', #2298, #695, #1410 ) ;
#1307 = CARTESIAN_POINT ( 'NONE',  ( 0.7050000000000000700, 3.934998761554723900, 0.09999567424288377500 ) ) ;
#1308 = CARTESIAN_POINT ( 'NONE',  ( -1.705000000000000100, 3.634998761554724100, 1.699995674242883700 ) ) ;
#1309 = CARTESIAN_POINT ( 'NONE',  ( 1.605000000000000000, 3.934998761554723900, -4.325757116211104400E-006 ) ) ;
#1310 = VECTOR ( 'NONE', #2150, 1000.000000000000000 ) ;
#1311 = DIRECTION ( 'NONE',  ( 0.0000000000000000000, -1.000000000000000000, 0.0000000000000000000 ) ) ;
#1312 = MECHANICAL_DESIGN_GEOMETRIC_PRESENTATION_REPRESENTATION (  '', ( #2931 ), #1456 ) ;
#1313 = ORIENTED_EDGE ( 'NONE', *, *, #2045, .F. ) ;
#1314 = VECTOR ( 'NONE', #306, 1000.000000000000000 ) ;
#1315 = SURFACE_STYLE_USAGE ( .BOTH. , #2009 ) ;
#1316 = EDGE_CURVE ( 'NONE', #2520, #258, #866, .T. ) ;
#1317 = ORIENTED_EDGE ( 'NONE', *, *, #1515, .T. ) ;
#1318 = PLANE ( 'NONE',  #1929 ) ;
#1319 = VECTOR ( 'NONE', #2759, 1000.000000000000000 ) ;
#1320 = CARTESIAN_POINT ( 'NONE',  ( 1.705000000000000100, -3.934998761554723900, 0.09999567424288381700 ) ) ;
#1321 = DIRECTION ( 'NONE',  ( -0.0000000000000000000, 1.000000000000000000, -0.0000000000000000000 ) ) ;
#1322 = FACE_OUTER_BOUND ( 'NONE', #1604, .T. ) ;
#1323 = EDGE_CURVE ( 'NONE', #2395, #1733, #239, .T. ) ;
#1324 = CARTESIAN_POINT ( 'NONE',  ( -1.705000000000000100, -3.734998761554723800, 1.699995674242883700 ) ) ;
#1325 = CARTESIAN_POINT ( 'NONE',  ( 2.390000000000000600, -3.200000000000000200, 1.850000000000000100 ) ) ;
#1326 = DIRECTION ( 'NONE',  ( 0.4659810938585626800, 0.0000000000000000000, 0.8847946768411174600 ) ) ;
#1327 = DIRECTION ( 'NONE',  ( 1.000000000000000000, 0.0000000000000000000, 0.0000000000000000000 ) ) ;
#1328 =( GEOMETRIC_REPRESENTATION_CONTEXT ( 3 ) GLOBAL_UNCERTAINTY_ASSIGNED_CONTEXT ( ( #1830 ) ) GLOBAL_UNIT_ASSIGNED_CONTEXT ( ( #2573, #954, #220 ) ) REPRESENTATION_CONTEXT ( 'NONE', 'WORKASPACE' ) );
#1329 = DIRECTION ( 'NONE',  ( 0.0000000000000000000, 0.0000000000000000000, -1.000000000000000000 ) ) ;
#1330 = ORIENTED_EDGE ( 'NONE', *, *, #1282, .F. ) ;
#1331 = LINE ( 'NONE', #848, #2405 ) ;
#1332 =( LENGTH_UNIT ( ) NAMED_UNIT ( * ) SI_UNIT ( .MILLI., .METRE. ) );
#1333 = AXIS2_PLACEMENT_3D ( 'NONE', #371, #2873, #2884 ) ;
#1334 = ADVANCED_FACE ( 'NONE', ( #273 ), #1944, .F. ) ;
#1335 = ORIENTED_EDGE ( 'NONE', *, *, #1638, .T. ) ;
#1336 = DIRECTION ( 'NONE',  ( 0.4659810938585626800, -0.0000000000000000000, 0.8847946768411174600 ) ) ;
#1337 = ORIENTED_EDGE ( 'NONE', *, *, #2393, .T. ) ;
#1338 = VERTEX_POINT ( 'NONE', #2644 ) ;
#1339 = CARTESIAN_POINT ( 'NONE',  ( 1.605000000000000000, -3.934998761554723900, -0.1000043257571162200 ) ) ;
#1340 = ORIENTED_EDGE ( 'NONE', *, *, #218, .T. ) ;
#1341 = LINE ( 'NONE', #854, #2068 ) ;
#1342 = EDGE_CURVE ( 'NONE', #162, #2491, #1441, .T. ) ;
#1343 = VECTOR ( 'NONE', #1053, 1000.000000000000200 ) ;
#1344 = CARTESIAN_POINT ( 'NONE',  ( 1.035000000000000100, 3.934998761554723900, 0.0000000000000000000 ) ) ;
#1345 = ORIENTED_EDGE ( 'NONE', *, *, #1503, .T. ) ;
#1346 = DIRECTION ( 'NONE',  ( 0.0000000000000000000, -1.000000000000000000, 0.0000000000000000000 ) ) ;
#1347 = LINE ( 'NONE', #918, #475 ) ;
#1348 = ORIENTED_EDGE ( 'NONE', *, *, #1872, .T. ) ;
#1349 = FACE_OUTER_BOUND ( 'NONE', #354, .T. ) ;
#1350 = MECHANICAL_DESIGN_GEOMETRIC_PRESENTATION_REPRESENTATION (  '', ( #2988 ), #1496 ) ;
#1351 = VECTOR ( 'NONE', #2903, 1000.000000000000000 ) ;
#1352 = CARTESIAN_POINT ( 'NONE',  ( 1.705000000000000100, -3.734998761554724200, 1.999995674242883700 ) ) ;
#1353 = CIRCLE ( 'NONE', #1398, 0.09999999999999961700 ) ;
#1354 = DIRECTION ( 'NONE',  ( -0.0000000000000000000, 1.000000000000000000, 0.0000000000000000000 ) ) ;
#1355 = ORIENTED_EDGE ( 'NONE', *, *, #555, .F. ) ;
#1356 = CARTESIAN_POINT ( 'NONE',  ( 0.7050000000000000700, -3.734998761554723800, -3.000004325757116100 ) ) ;
#1357 = EDGE_CURVE ( 'NONE', #2491, #2781, #1047, .T. ) ;
#1358 = DIRECTION ( 'NONE',  ( 0.0000000000000000000, 0.0000000000000000000, 1.000000000000000000 ) ) ;
#1359 = PLANE ( 'NONE',  #87 ) ;
#1360 = DIRECTION ( 'NONE',  ( -0.0000000000000000000, 0.0000000000000000000, -1.000000000000000000 ) ) ;
#1361 = AXIS2_PLACEMENT_3D ( 'NONE', #844, #1534, #419 ) ;
#1362 = ADVANCED_FACE ( 'NONE', ( #684 ), #2183, .T. ) ;
#1363 = ORIENTED_EDGE ( 'NONE', *, *, #2020, .T. ) ;
#1364 = DIRECTION ( 'NONE',  ( 0.0000000000000000000, 0.0000000000000000000, 1.000000000000000000 ) ) ;
#1365 = EDGE_CURVE ( 'NONE', #2323, #936, #1699, .T. ) ;
#1366 = VERTEX_POINT ( 'NONE', #1475 ) ;
#1367 = DIRECTION ( 'NONE',  ( 0.0000000000000000000, 0.0000000000000000000, 1.000000000000000000 ) ) ;
#1368 = ORIENTED_EDGE ( 'NONE', *, *, #1674, .T. ) ;
#1369 = ORIENTED_EDGE ( 'NONE', *, *, #1091, .F. ) ;
#1370 = SURFACE_SIDE_STYLE ('',( #147 ) ) ;
#1371 = ORIENTED_EDGE ( 'NONE', *, *, #998, .T. ) ;
#1372 = ADVANCED_FACE ( 'NONE', ( #1158 ), #2038, .F. ) ;
#1373 = CARTESIAN_POINT ( 'NONE',  ( -0.9912270237025777600, -1.851434140000000100, 3.100000000000000500 ) ) ;
#1374 = PLANE ( 'NONE',  #2457 ) ;
#1375 = AXIS2_PLACEMENT_3D ( 'NONE', #126, #373, #1086 ) ;
#1376 = DIRECTION ( 'NONE',  ( 1.000000000000000000, 0.0000000000000000000, 0.0000000000000000000 ) ) ;
#1377 = FACE_OUTER_BOUND ( 'NONE', #2276, .T. ) ;
#1378 = ORIENTED_EDGE ( 'NONE', *, *, #1942, .T. ) ;
#1379 = VECTOR ( 'NONE', #1883, 1000.000000000000000 ) ;
#1380 = FACE_OUTER_BOUND ( 'NONE', #2938, .T. ) ;
#1381 = DIRECTION ( 'NONE',  ( 0.4290568145682860400, 0.0000000000000000000, 0.9032775043542906600 ) ) ;
#1382 = CIRCLE ( 'NONE', #2789, 0.2000000000000000900 ) ;
#1383 = ORIENTED_EDGE ( 'NONE', *, *, #291, .F. ) ;
#1384 = VECTOR ( 'NONE', #1364, 1000.000000000000000 ) ;
#1385 = DIRECTION ( 'NONE',  ( 0.0000000000000000000, 0.0000000000000000000, 1.000000000000000000 ) ) ;
#1386 = EDGE_CURVE ( 'NONE', #2588, #2452, #1006, .T. ) ;
#1387 = VECTOR ( 'NONE', #2977, 1000.000000000000000 ) ;
#1388 = PRESENTATION_LAYER_ASSIGNMENT (  '', '', ( #2559 ) ) ;
#1389 = CARTESIAN_POINT ( 'NONE',  ( -1.505000000000000100, -3.934998761554723900, -0.1000043257571162200 ) ) ;
#1390 = DIRECTION ( 'NONE',  ( 0.0000000000000000000, 0.0000000000000000000, 1.000000000000000000 ) ) ;
#1391 = EDGE_CURVE ( 'NONE', #2168, #68, #2245, .T. ) ;
#1392 = EDGE_CURVE ( 'NONE', #781, #1051, #172, .T. ) ;
#1393 = CARTESIAN_POINT ( 'NONE',  ( -1.750864921821956500, -1.851434140000000100, 3.100000000000000500 ) ) ;
#1394 = AXIS2_PLACEMENT_3D ( 'NONE', #591, #817, #71 ) ;
#1395 = COLOUR_RGB ( '',0.2509803921568627400, 0.2509803921568627400, 0.2509803921568627400 ) ;
#1396 = CARTESIAN_POINT ( 'NONE',  ( -0.7050000000000000700, -3.934998761554723900, 0.09999567424288381700 ) ) ;
#1397 = ORIENTED_EDGE ( 'NONE', *, *, #2226, .T. ) ;
#1398 = AXIS2_PLACEMENT_3D ( 'NONE', #2576, #42, #743 ) ;
#1399 = CARTESIAN_POINT ( 'NONE',  ( 0.7050000000000000700, 3.084998761554723900, 1.799995674242883500 ) ) ;
#1400 = ORIENTED_EDGE ( 'NONE', *, *, #2663, .F. ) ;
#1401 = EDGE_LOOP ( 'NONE', ( #2856, #1898, #2311, #961 ) ) ;
#1402 = DIRECTION ( 'NONE',  ( 1.000000000000000000, 0.0000000000000000000, 0.0000000000000000000 ) ) ;
#1403 = ORIENTED_EDGE ( 'NONE', *, *, #2923, .F. ) ;
#1404 = VERTEX_POINT ( 'NONE', #115 ) ;
#1405 = EDGE_LOOP ( 'NONE', ( #963, #1772, #1397, #2701, #1179, #2414, #78, #2539, #824, #3, #2902, #2279, #2036 ) ) ;
#1406 = ORIENTED_EDGE ( 'NONE', *, *, #2480, .T. ) ;
#1407 = CARTESIAN_POINT ( 'NONE',  ( 0.8050000000000001600, 3.934998761554723900, 0.09999567424288377500 ) ) ;
#1408 = CARTESIAN_POINT ( 'NONE',  ( -2.103048641745469500, 2.913048641745470000, 3.200000000000000200 ) ) ;
#1409 = EDGE_CURVE ( 'NONE', #228, #47, #2040, .T. ) ;
#1410 = DIRECTION ( 'NONE',  ( -1.000000000000000000, 0.0000000000000000000, -0.0000000000000000000 ) ) ;
#1411 = VERTEX_POINT ( 'NONE', #131 ) ;
#1412 = AXIS2_PLACEMENT_3D ( 'NONE', #2054, #429, #664 ) ;
#1413 = CARTESIAN_POINT ( 'NONE',  ( 0.7050000000000000700, -3.084998761554723900, 1.799995674242883500 ) ) ;
#1414 = ORIENTED_EDGE ( 'NONE', *, *, #265, .T. ) ;
#1415 = LINE ( 'NONE', #933, #799 ) ;
#1416 = COLOUR_RGB ( '',0.7921568627450980000, 0.8196078431372548800, 0.9333333333333333500 ) ;
#1417 = LINE ( 'NONE', #1842, #2256 ) ;
#1418 =( NAMED_UNIT ( * ) PLANE_ANGLE_UNIT ( ) SI_UNIT ( $, .RADIAN. ) );
#1419 = FILL_AREA_STYLE_COLOUR ( '', #1820 ) ;
#1420 = CARTESIAN_POINT ( 'NONE',  ( -0.7050000000000000700, 3.734998761554723800, -3.000004325757116100 ) ) ;
#1421 = ORIENTED_EDGE ( 'NONE', *, *, #1427, .F. ) ;
#1422 = CARTESIAN_POINT ( 'NONE',  ( -2.389999999999999700, -3.200000000000000200, 1.850000000000000100 ) ) ;
#1423 = FILL_AREA_STYLE ('',( #2555 ) ) ;
#1424 = FILL_AREA_STYLE ('',( #1419 ) ) ;
#1425 = CARTESIAN_POINT ( 'NONE',  ( 1.605000000000000000, -3.734998761554723800, 0.09999567424288377500 ) ) ;
#1426 = ORIENTED_EDGE ( 'NONE', *, *, #2367, .F. ) ;
#1427 = EDGE_CURVE ( 'NONE', #12, #704, #2765, .T. ) ;
#1428 = DIRECTION ( 'NONE',  ( 1.000000000000000000, 0.0000000000000000000, 0.0000000000000000000 ) ) ;
#1429 = DIRECTION ( 'NONE',  ( 0.9032775043542906600, -0.0000000000000000000, 0.4290568145682860400 ) ) ;
#1430 = ORIENTED_EDGE ( 'NONE', *, *, #2775, .T. ) ;
#1431 = EDGE_LOOP ( 'NONE', ( #1371, #2632, #1085, #1155 ) ) ;
#1432 = DIRECTION ( 'NONE',  ( 0.0000000000000000000, 0.0000000000000000000, 1.000000000000000000 ) ) ;
#1433 = DIRECTION ( 'NONE',  ( 0.0000000000000000000, 0.0000000000000000000, -1.000000000000000000 ) ) ;
#1434 = ORIENTED_EDGE ( 'NONE', *, *, #2642, .F. ) ;
#1435 = ORIENTED_EDGE ( 'NONE', *, *, #213, .T. ) ;
#1436 = LINE ( 'NONE', #2691, #821 ) ;
#1437 = DIRECTION ( 'NONE',  ( -1.084202172485504400E-015, 0.0000000000000000000, 1.000000000000000000 ) ) ;
#1438 = ORIENTED_EDGE ( 'NONE', *, *, #374, .F. ) ;
#1439 = DIRECTION ( 'NONE',  ( 0.0000000000000000000, 0.0000000000000000000, 1.000000000000000000 ) ) ;
#1440 = CARTESIAN_POINT ( 'NONE',  ( 0.8050000000000001600, 3.734998761554723800, -4.325757116223349900E-006 ) ) ;
#1441 = CIRCLE ( 'NONE', #255, 0.09999999999999999200 ) ;
#1442 = DIRECTION ( 'NONE',  ( 1.000000000000000000, 0.0000000000000000000, 0.0000000000000000000 ) ) ;
#1443 = CARTESIAN_POINT ( 'NONE',  ( -0.7050000000000000700, -3.084998761554723900, 1.799995674242883500 ) ) ;
#1444 = EDGE_CURVE ( 'NONE', #2748, #1338, #310, .T. ) ;
#1445 = LINE ( 'NONE', #1680, #2594 ) ;
#1446 = ORIENTED_EDGE ( 'NONE', *, *, #2838, .F. ) ;
#1447 = LINE ( 'NONE', #2409, #241 ) ;
#1448 = CARTESIAN_POINT ( 'NONE',  ( 0.8050000000000001600, -3.734998761554723800, -4.325757116223349900E-006 ) ) ;
#1449 = LINE ( 'NONE', #679, #1667 ) ;
#1450 = VECTOR ( 'NONE', #2579, 1000.000000000000000 ) ;
#1451 = ORIENTED_EDGE ( 'NONE', *, *, #1640, .T. ) ;
#1452 = LINE ( 'NONE', #1960, #212 ) ;
#1453 = EDGE_LOOP ( 'NONE', ( #1544, #2455, #2601, #1913 ) ) ;
#1454 = VERTEX_POINT ( 'NONE', #2658 ) ;
#1455 = DIRECTION ( 'NONE',  ( 1.000000000000000000, -0.0000000000000000000, -0.0000000000000000000 ) ) ;
#1456 =( GEOMETRIC_REPRESENTATION_CONTEXT ( 3 ) GLOBAL_UNCERTAINTY_ASSIGNED_CONTEXT ( ( #2476 ) ) GLOBAL_UNIT_ASSIGNED_CONTEXT ( ( #1834, #1839, #190 ) ) REPRESENTATION_CONTEXT ( 'NONE', 'WORKASPACE' ) );
#1457 = SURFACE_STYLE_USAGE ( .BOTH. , #2822 ) ;
#1458 = EDGE_CURVE ( 'NONE', #379, #2274, #2175, .T. ) ;
#1459 = EDGE_CURVE ( 'NONE', #2303, #781, #1479, .T. ) ;
#1460 = DIRECTION ( 'NONE',  ( 0.0000000000000000000, 1.000000000000000000, 0.0000000000000000000 ) ) ;
#1461 = DIRECTION ( 'NONE',  ( 0.0000000000000000000, 0.0000000000000000000, 1.000000000000000000 ) ) ;
#1462 = VECTOR ( 'NONE', #2930, 1000.000000000000000 ) ;
#1463 = CARTESIAN_POINT ( 'NONE',  ( -1.605000000000000000, -3.734998761554723800, 0.09999567424288377500 ) ) ;
#1464 = AXIS2_PLACEMENT_3D ( 'NONE', #836, #142, #399 ) ;
#1465 = CARTESIAN_POINT ( 'NONE',  ( -0.7050000000000000700, -3.734998761554724200, 1.799995674242883800 ) ) ;
#1466 = ORIENTED_EDGE ( 'NONE', *, *, #2288, .F. ) ;
#1467 = ORIENTED_EDGE ( 'NONE', *, *, #1832, .T. ) ;
#1468 = ORIENTED_EDGE ( 'NONE', *, *, #1213, .T. ) ;
#1469 = ORIENTED_EDGE ( 'NONE', *, *, #531, .F. ) ;
#1470 = AXIS2_PLACEMENT_3D ( 'NONE', #598, #2223, #1326 ) ;
#1471 = ORIENTED_EDGE ( 'NONE', *, *, #403, .F. ) ;
#1472 = ORIENTED_EDGE ( 'NONE', *, *, #1677, .F. ) ;
#1473 = ORIENTED_EDGE ( 'NONE', *, *, #1942, .F. ) ;
#1474 = DIRECTION ( 'NONE',  ( -0.0000000000000000000, 1.000000000000000000, -0.0000000000000000000 ) ) ;
#1475 = CARTESIAN_POINT ( 'NONE',  ( 0.7050000000000000700, 3.634998761554724100, 1.799995674242883300 ) ) ;
#1476 = ADVANCED_FACE ( 'NONE', ( #2833 ), #166, .T. ) ;
#1477 = MECHANICAL_DESIGN_GEOMETRIC_PRESENTATION_REPRESENTATION (  '', ( #285 ), #1691 ) ;
#1478 = CARTESIAN_POINT ( 'NONE',  ( 1.605000000000000000, 3.934998761554723900, 0.09999567424288381700 ) ) ;
#1479 = LINE ( 'NONE', #1785, #717 ) ;
#1480 = FACE_OUTER_BOUND ( 'NONE', #388, .T. ) ;
#1481 = VERTEX_POINT ( 'NONE', #391 ) ;
#1482 = LINE ( 'NONE', #2003, #1099 ) ;
#1483 = CARTESIAN_POINT ( 'NONE',  ( -1.705000000000000100, 3.934998761554723900, 0.09999567424288381700 ) ) ;
#1484 = ORIENTED_EDGE ( 'NONE', *, *, #2343, .T. ) ;
#1485 = LINE ( 'NONE', #2990, #2920 ) ;
#1486 = CARTESIAN_POINT ( 'NONE',  ( -0.7050000000000000700, -3.734998761554723800, -3.000004325757116100 ) ) ;
#1487 = EDGE_CURVE ( 'NONE', #2677, #2805, #1975, .T. ) ;
#1488 = VECTOR ( 'NONE', #381, 1000.000000000000000 ) ;
#1489 = LINE ( 'NONE', #1585, #405 ) ;
#1490 = CARTESIAN_POINT ( 'NONE',  ( 1.406207190033080400, 3.934998761554723900, -3.000004325757116100 ) ) ;
#1491 = CIRCLE ( 'NONE', #2910, 0.1000000000000000100 ) ;
#1492 = EDGE_CURVE ( 'NONE', #940, #2554, #2809, .T. ) ;
#1493 = ADVANCED_FACE ( 'NONE', ( #248 ), #945, .F. ) ;
#1494 = CARTESIAN_POINT ( 'NONE',  ( -1.035000000000000100, 3.934998761554723900, -2.800004325757116300 ) ) ;
#1495 = DIRECTION ( 'NONE',  ( 0.2035585949527793400, -0.2035585949527793400, -0.9576678948579725500 ) ) ;
#1496 =( GEOMETRIC_REPRESENTATION_CONTEXT ( 3 ) GLOBAL_UNCERTAINTY_ASSIGNED_CONTEXT ( ( #193 ) ) GLOBAL_UNIT_ASSIGNED_CONTEXT ( ( #2958, #1122, #2714 ) ) REPRESENTATION_CONTEXT ( 'NONE', 'WORKASPACE' ) );
#1497 = CARTESIAN_POINT ( 'NONE',  ( 1.129999999999999700, -3.934998761554723900, -3.000004325757116100 ) ) ;
#1498 = DIRECTION ( 'NONE',  ( 1.000000000000000000, 0.0000000000000000000, -0.0000000000000000000 ) ) ;
#1499 = ORIENTED_EDGE ( 'NONE', *, *, #883, .T. ) ;
#1500 = DIRECTION ( 'NONE',  ( -1.000000000000000000, -0.0000000000000000000, -0.0000000000000000000 ) ) ;
#1501 = ORIENTED_EDGE ( 'NONE', *, *, #339, .T. ) ;
#1502 = DIRECTION ( 'NONE',  ( -0.0000000000000000000, -1.000000000000000000, -0.0000000000000000000 ) ) ;
#1503 = EDGE_CURVE ( 'NONE', #2861, #2309, #2571, .T. ) ;
#1504 = LINE ( 'NONE', #2459, #2231 ) ;
#1505 = CARTESIAN_POINT ( 'NONE',  ( 0.7050000000000000700, -3.734998761554723800, 1.699995674242883700 ) ) ;
#1506 = ADVANCED_FACE ( 'NONE', ( #2185 ), #2705, .T. ) ;
#1507 = ORIENTED_EDGE ( 'NONE', *, *, #2532, .T. ) ;
#1508 = ORIENTED_EDGE ( 'NONE', *, *, #2073, .F. ) ;
#1509 = DIRECTION ( 'NONE',  ( 0.0000000000000000000, 1.000000000000000000, 0.0000000000000000000 ) ) ;
#1510 = STYLED_ITEM ( 'NONE', ( #2381 ), #1183 ) ;
#1511 = ORIENTED_EDGE ( 'NONE', *, *, #729, .F. ) ;
#1512 = ORIENTED_EDGE ( 'NONE', *, *, #167, .F. ) ;
#1513 = VECTOR ( 'NONE', #1524, 1000.000000000000000 ) ;
#1514 =( LENGTH_UNIT ( ) NAMED_UNIT ( * ) SI_UNIT ( .MILLI., .METRE. ) );
#1515 = EDGE_CURVE ( 'NONE', #1733, #1411, #726, .T. ) ;
#1516 = CARTESIAN_POINT ( 'NONE',  ( 0.7050000000000000700, -3.634998761554724100, 1.799995674242883300 ) ) ;
#1517 = DIRECTION ( 'NONE',  ( 0.0000000000000000000, 1.000000000000000000, 0.0000000000000000000 ) ) ;
#1518 = DIRECTION ( 'NONE',  ( 0.0000000000000000000, 1.000000000000000000, 0.0000000000000000000 ) ) ;
#1519 = LINE ( 'NONE', #2645, #2109 ) ;
#1520 = EDGE_LOOP ( 'NONE', ( #49, #2618, #1653, #174 ) ) ;
#1521 = LINE ( 'NONE', #727, #508 ) ;
#1522 = ADVANCED_FACE ( 'NONE', ( #546 ), #2965, .F. ) ;
#1523 = VECTOR ( 'NONE', #1177, 1000.000000000000000 ) ;
#1524 = DIRECTION ( 'NONE',  ( 1.000000000000000000, 0.0000000000000000000, 0.0000000000000000000 ) ) ;
#1525 = FACE_OUTER_BOUND ( 'NONE', #1248, .T. ) ;
#1526 = PRESENTATION_STYLE_ASSIGNMENT (( #2545 ) ) ;
#1527 = MECHANICAL_DESIGN_GEOMETRIC_PRESENTATION_REPRESENTATION (  '', ( #748 ), #2749 ) ;
#1528 = VERTEX_POINT ( 'NONE', #907 ) ;
#1529 = DIRECTION ( 'NONE',  ( 0.0000000000000000000, 0.0000000000000000000, 1.000000000000000000 ) ) ;
#1530 = CARTESIAN_POINT ( 'NONE',  ( 0.7050000000000000700, 3.084998761554723900, 1.799995674242883500 ) ) ;
#1531 = CARTESIAN_POINT ( 'NONE',  ( 1.035000000000000100, 3.934998761554723900, 0.0000000000000000000 ) ) ;
#1532 = EDGE_CURVE ( 'NONE', #2694, #37, #2117, .T. ) ;
#1533 = ORIENTED_EDGE ( 'NONE', *, *, #2569, .F. ) ;
#1534 = DIRECTION ( 'NONE',  ( 0.0000000000000000000, 0.0000000000000000000, 1.000000000000000000 ) ) ;
#1535 = CARTESIAN_POINT ( 'NONE',  ( 0.7050000000000000700, 3.634998761554724100, 1.699995674242883700 ) ) ;
#1536 = PLANE ( 'NONE',  #1957 ) ;
#1537 = SURFACE_STYLE_FILL_AREA ( #2074 ) ;
#1538 = ORIENTED_EDGE ( 'NONE', *, *, #1038, .F. ) ;
#1539 = EDGE_CURVE ( 'NONE', #494, #1996, #1417, .T. ) ;
#1540 = EDGE_LOOP ( 'NONE', ( #2776, #1981, #2252, #1576 ) ) ;
#1541 = VERTEX_POINT ( 'NONE', #445 ) ;
#1542 = ORIENTED_EDGE ( 'NONE', *, *, #2097, .F. ) ;
#1543 = ORIENTED_EDGE ( 'NONE', *, *, #433, .T. ) ;
#1544 = ORIENTED_EDGE ( 'NONE', *, *, #2286, .T. ) ;
#1545 = FACE_OUTER_BOUND ( 'NONE', #302, .T. ) ;
#1546 =( NAMED_UNIT ( * ) PLANE_ANGLE_UNIT ( ) SI_UNIT ( $, .RADIAN. ) );
#1547 = PLANE ( 'NONE',  #2208 ) ;
#1548 = VECTOR ( 'NONE', #2249, 1000.000000000000000 ) ;
#1549 = CARTESIAN_POINT ( 'NONE',  ( 0.7050000000000000700, 3.734998761554723800, -4.325757116223349900E-006 ) ) ;
#1550 = LINE ( 'NONE', #1305, #540 ) ;
#1551 = ORIENTED_EDGE ( 'NONE', *, *, #1638, .F. ) ;
#1552 = LINE ( 'NONE', #530, #2465 ) ;
#1553 = FILL_AREA_STYLE_COLOUR ( '', #2497 ) ;
#1554 = VECTOR ( 'NONE', #2350, 1000.000000000000000 ) ;
#1555 = ORIENTED_EDGE ( 'NONE', *, *, #418, .F. ) ;
#1556 = FACE_OUTER_BOUND ( 'NONE', #858, .T. ) ;
#1557 = CARTESIAN_POINT ( 'NONE',  ( -1.505000000000000100, 3.934998761554723900, 0.0000000000000000000 ) ) ;
#1558 = CIRCLE ( 'NONE', #1626, 0.7596378981193785400 ) ;
#1559 = VECTOR ( 'NONE', #2993, 1000.000000000000000 ) ;
#1560 = CARTESIAN_POINT ( 'NONE',  ( -0.7050000000000000700, 3.734998761554723800, -4.325757116223349900E-006 ) ) ;
#1561 = EDGE_CURVE ( 'NONE', #2291, #231, #322, .T. ) ;
#1562 = CARTESIAN_POINT ( 'NONE',  ( -1.400976387591222400, -3.934998761554723900, -3.000004325757116100 ) ) ;
#1563 = CARTESIAN_POINT ( 'NONE',  ( -1.705000000000000100, 3.734998761554724200, 1.799995674242883800 ) ) ;
#1564 = ADVANCED_FACE ( 'NONE', ( #1749 ), #2513, .F. ) ;
#1565 = DIRECTION ( 'NONE',  ( -0.0000000000000000000, -1.000000000000000000, -6.672013369141566200E-016 ) ) ;
#1566 =( NAMED_UNIT ( * ) SI_UNIT ( $, .STERADIAN. ) SOLID_ANGLE_UNIT ( ) );
#1567 = APPLICATION_CONTEXT ( 'automotive_design' ) ;
#1568 =( NAMED_UNIT ( * ) PLANE_ANGLE_UNIT ( ) SI_UNIT ( $, .RADIAN. ) );
#1569 = CARTESIAN_POINT ( 'NONE',  ( -1.505000000000000100, 3.934998761554723900, -0.1000043257571162200 ) ) ;
#1570 = ORIENTED_EDGE ( 'NONE', *, *, #1213, .F. ) ;
#1571 = VERTEX_POINT ( 'NONE', #2056 ) ;
#1572 = SURFACE_STYLE_USAGE ( .BOTH. , #2934 ) ;
#1573 = LINE ( 'NONE', #1046, #2585 ) ;
#1574 = FILL_AREA_STYLE ('',( #1032 ) ) ;
#1575 = ORIENTED_EDGE ( 'NONE', *, *, #109, .T. ) ;
#1576 = ORIENTED_EDGE ( 'NONE', *, *, #786, .F. ) ;
#1577 = ORIENTED_EDGE ( 'NONE', *, *, #998, .F. ) ;
#1578 = DIRECTION ( 'NONE',  ( -1.000000000000000000, 0.0000000000000000000, 0.0000000000000000000 ) ) ;
#1579 = CARTESIAN_POINT ( 'NONE',  ( -0.9912270237025777600, -1.851434140000000100, 3.100000000000000500 ) ) ;
#1580 = ORIENTED_EDGE ( 'NONE', *, *, #1199, .T. ) ;
#1581 = ORIENTED_EDGE ( 'NONE', *, *, #589, .T. ) ;
#1582 = DIRECTION ( 'NONE',  ( -0.2035585949527793400, -0.2035585949527793400, -0.9576678948579725500 ) ) ;
#1583 = VECTOR ( 'NONE', #2059, 1000.000000000000000 ) ;
#1584 = EDGE_CURVE ( 'NONE', #1811, #1969, #1105, .T. ) ;
#1585 = CARTESIAN_POINT ( 'NONE',  ( 1.505000000000000100, -3.934998761554723900, -2.812418705823278100 ) ) ;
#1586 = CARTESIAN_POINT ( 'NONE',  ( 1.129999999999999700, 3.934998761554723900, -3.000004325757116100 ) ) ;
#1587 = UNCERTAINTY_MEASURE_WITH_UNIT (LENGTH_MEASURE( 1.000000000000000100E-005 ), #1332, 'distance_accuracy_value', 'NONE');
#1588 = CARTESIAN_POINT ( 'NONE',  ( -0.7050000000000000700, 3.934998761554723900, -3.000004325757116100 ) ) ;
#1589 = EDGE_CURVE ( 'NONE', #1215, #1969, #1489, .T. ) ;
#1590 = DIRECTION ( 'NONE',  ( 0.0000000000000000000, 0.0000000000000000000, -1.000000000000000000 ) ) ;
#1591 = ORIENTED_EDGE ( 'NONE', *, *, #535, .F. ) ;
#1592 = DIRECTION ( 'NONE',  ( -1.000000000000000000, 0.0000000000000000000, 0.0000000000000000000 ) ) ;
#1593 = LINE ( 'NONE', #1906, #1379 ) ;
#1594 = FACE_OUTER_BOUND ( 'NONE', #2067, .T. ) ;
#1595 = DIRECTION ( 'NONE',  ( 0.0000000000000000000, 0.0000000000000000000, 1.000000000000000000 ) ) ;
#1596 = LINE ( 'NONE', #2372, #979 ) ;
#1597 = LINE ( 'NONE', #2495, #2085 ) ;
#1598 = EDGE_LOOP ( 'NONE', ( #2795, #455 ) ) ;
#1599 = EDGE_CURVE ( 'NONE', #1454, #936, #514, .T. ) ;
#1600 = DIRECTION ( 'NONE',  ( -0.0000000000000000000, 1.000000000000000000, 0.0000000000000000000 ) ) ;
#1601 = DIRECTION ( 'NONE',  ( 0.0000000000000000000, 0.0000000000000000000, 1.000000000000000000 ) ) ;
#1602 = AXIS2_PLACEMENT_3D ( 'NONE', #1227, #15, #1644 ) ;
#1603 = ORIENTED_EDGE ( 'NONE', *, *, #1610, .T. ) ;
#1604 = EDGE_LOOP ( 'NONE', ( #1013, #816, #389, #1542 ) ) ;
#1605 = ADVANCED_FACE ( 'NONE', ( #1712 ), #1118, .F. ) ;
#1606 = AXIS2_PLACEMENT_3D ( 'NONE', #437, #2070, #666 ) ;
#1607 = FILL_AREA_STYLE_COLOUR ( '', #2105 ) ;
#1608 = FACE_OUTER_BOUND ( 'NONE', #1431, .T. ) ;
#1609 = DIRECTION ( 'NONE',  ( 0.9032775043542906600, -0.0000000000000000000, 0.4290568145682860400 ) ) ;
#1610 = EDGE_CURVE ( 'NONE', #1257, #1065, #102, .T. ) ;
#1611 = ORIENTED_EDGE ( 'NONE', *, *, #2678, .F. ) ;
#1612 = CARTESIAN_POINT ( 'NONE',  ( 1.605000000000000000, -3.934998761554723900, -4.325757116211104400E-006 ) ) ;
#1613 = ORIENTED_EDGE ( 'NONE', *, *, #2265, .T. ) ;
#1614 = UNCERTAINTY_MEASURE_WITH_UNIT (LENGTH_MEASURE( 1.000000000000000100E-005 ), #641, 'distance_accuracy_value', 'NONE');
#1615 = VERTEX_POINT ( 'NONE', #434 ) ;
#1616 = ORIENTED_EDGE ( 'NONE', *, *, #335, .T. ) ;
#1617 = DIRECTION ( 'NONE',  ( -0.9032775043542906600, 0.0000000000000000000, 0.4290568145682860400 ) ) ;
#1618 = EDGE_CURVE ( 'NONE', #2553, #1220, #977, .T. ) ;
#1619 = ORIENTED_EDGE ( 'NONE', *, *, #2995, .T. ) ;
#1620 = VERTEX_POINT ( 'NONE', #1352 ) ;
#1621 = CARTESIAN_POINT ( 'NONE',  ( 1.505000000000000100, 3.934998761554723900, -0.1000043257571162200 ) ) ;
#1622 = DIRECTION ( 'NONE',  ( 0.0000000000000000000, 0.0000000000000000000, 1.000000000000000000 ) ) ;
#1623 = MANIFOLD_SOLID_BREP ( 'ｶｯﾄ - 押し出し7[2]', #2492 ) ;
#1624 = CARTESIAN_POINT ( 'NONE',  ( 1.406207190033080400, 3.934998761554723900, -3.000004325757116100 ) ) ;
#1625 = ORIENTED_EDGE ( 'NONE', *, *, #1561, .T. ) ;
#1626 = AXIS2_PLACEMENT_3D ( 'NONE', #2090, #2754, #2296 ) ;
#1627 = CYLINDRICAL_SURFACE ( 'NONE', #1010, 0.2000000000000000900 ) ;
#1628 = FACE_OUTER_BOUND ( 'NONE', #2906, .T. ) ;
#1629 = EDGE_LOOP ( 'NONE', ( #1400, #2665, #1744, #1501 ) ) ;
#1630 = VECTOR ( 'NONE', #905, 1000.000000000000000 ) ;
#1631 = DIRECTION ( 'NONE',  ( -0.0000000000000000000, 1.000000000000000000, -0.0000000000000000000 ) ) ;
#1632 = LINE ( 'NONE', #179, #585 ) ;
#1633 = DIRECTION ( 'NONE',  ( 0.0000000000000000000, 0.0000000000000000000, -1.000000000000000000 ) ) ;
#1634 = SURFACE_STYLE_FILL_AREA ( #2945 ) ;
#1635 = AXIS2_PLACEMENT_3D ( 'NONE', #111, #1045, #2230 ) ;
#1636 =( LENGTH_UNIT ( ) NAMED_UNIT ( * ) SI_UNIT ( .MILLI., .METRE. ) );
#1637 = CARTESIAN_POINT ( 'NONE',  ( -0.7050000000000000700, -3.734998761554724200, 1.799995674242883800 ) ) ;
#1638 = EDGE_CURVE ( 'NONE', #1366, #1777, #1057, .T. ) ;
#1639 = SURFACE_SIDE_STYLE ('',( #2643 ) ) ;
#1640 = EDGE_CURVE ( 'NONE', #1454, #296, #2357, .T. ) ;
#1641 = PRODUCT_DEFINITION_SHAPE ( 'NONE', 'NONE',  #2318 ) ;
#1642 = AXIS2_PLACEMENT_3D ( 'NONE', #1344, #2926, #2229 ) ;
#1643 = ORIENTED_EDGE ( 'NONE', *, *, #922, .T. ) ;
#1644 = DIRECTION ( 'NONE',  ( 0.0000000000000000000, 0.0000000000000000000, 1.000000000000000000 ) ) ;
#1645 = LINE ( 'NONE', #1719, #1916 ) ;
#1646 = AXIS2_PLACEMENT_3D ( 'NONE', #543, #1474, #1700 ) ;
#1647 = DIRECTION ( 'NONE',  ( 0.0000000000000000000, 0.0000000000000000000, 1.000000000000000000 ) ) ;
#1648 = ORIENTED_EDGE ( 'NONE', *, *, #697, .F. ) ;
#1649 = CARTESIAN_POINT ( 'NONE',  ( 0.7050000000000000700, 3.734998761554723800, -3.000004325757116100 ) ) ;
#1650 = VERTEX_POINT ( 'NONE', #1184 ) ;
#1651 = ORIENTED_EDGE ( 'NONE', *, *, #959, .F. ) ;
#1652 = ORIENTED_EDGE ( 'NONE', *, *, #2444, .T. ) ;
#1653 = ORIENTED_EDGE ( 'NONE', *, *, #865, .F. ) ;
#1654 = SURFACE_SIDE_STYLE ('',( #1279 ) ) ;
#1655 = FACE_OUTER_BOUND ( 'NONE', #1666, .T. ) ;
#1656 = EDGE_LOOP ( 'NONE', ( #2557, #2688, #2826, #1870 ) ) ;
#1657 = CARTESIAN_POINT ( 'NONE',  ( -0.7050000000000000700, 3.634998761554724100, 1.699995674242883700 ) ) ;
#1658 = EDGE_CURVE ( 'NONE', #1040, #2520, #2217, .T. ) ;
#1659 =( LENGTH_UNIT ( ) NAMED_UNIT ( * ) SI_UNIT ( .MILLI., .METRE. ) );
#1660 = VECTOR ( 'NONE', #1495, 999.9999999999998900 ) ;
#1661 = DIRECTION ( 'NONE',  ( -0.0000000000000000000, 1.000000000000000000, 0.0000000000000000000 ) ) ;
#1662 = STYLED_ITEM ( 'NONE', ( #837 ), #807 ) ;
#1663 = CYLINDRICAL_SURFACE ( 'NONE', #984, 0.09999999999999999200 ) ;
#1664 = VECTOR ( 'NONE', #1592, 1000.000000000000000 ) ;
#1665 = CARTESIAN_POINT ( 'NONE',  ( 0.7050000000000000700, 3.084998761554723900, 1.799995674242883500 ) ) ;
#1666 = EDGE_LOOP ( 'NONE', ( #2314, #796, #2827, #857 ) ) ;
#1667 = VECTOR ( 'NONE', #222, 1000.000000000000100 ) ;
#1668 =( LENGTH_UNIT ( ) NAMED_UNIT ( * ) SI_UNIT ( .MILLI., .METRE. ) );
#1669 = LINE ( 'NONE', #2365, #2507 ) ;
#1670 = CARTESIAN_POINT ( 'NONE',  ( 1.705000000000000100, 3.734998761554723800, 0.09999567424288381700 ) ) ;
#1671 = VECTOR ( 'NONE', #2106, 1000.000000000000000 ) ;
#1672 = CARTESIAN_POINT ( 'NONE',  ( -1.605000000000000000, -3.734998761554723800, -4.325757116333559900E-006 ) ) ;
#1673 = DIRECTION ( 'NONE',  ( 0.0000000000000000000, 0.0000000000000000000, 1.000000000000000000 ) ) ;
#1674 = EDGE_CURVE ( 'NONE', #38, #1079, #2843, .T. ) ;
#1675 = EDGE_LOOP ( 'NONE', ( #2315, #276, #2943, #2103, #2063, #365, #2590, #999, #2449, #689, #2126, #59, #1512 ) ) ;
#1676 = CARTESIAN_POINT ( 'NONE',  ( -1.051761856195818600, 3.734998761554723800, -2.835292444064103200 ) ) ;
#1677 = EDGE_CURVE ( 'NONE', #2451, #1849, #2991, .T. ) ;
#1678 = CARTESIAN_POINT ( 'NONE',  ( -2.389999999999999700, 3.200000000000000200, 1.850000000000000100 ) ) ;
#1679 = CARTESIAN_POINT ( 'NONE',  ( 0.8050000000000001600, -3.934998761554723900, -4.325757116223349900E-006 ) ) ;
#1680 = CARTESIAN_POINT ( 'NONE',  ( -0.7050000000000000700, 3.634998761554724100, 1.799995674242883300 ) ) ;
#1681 = ORIENTED_EDGE ( 'NONE', *, *, #2569, .T. ) ;
#1682 = CARTESIAN_POINT ( 'NONE',  ( 0.7050000000000000700, -3.734998761554724200, 1.799995674242883800 ) ) ;
#1683 = EDGE_LOOP ( 'NONE', ( #1224, #972, #2819, #2986 ) ) ;
#1684 = LINE ( 'NONE', #289, #457 ) ;
#1685 = MECHANICAL_DESIGN_GEOMETRIC_PRESENTATION_REPRESENTATION (  '', ( #662 ), #872 ) ;
#1686 = ORIENTED_EDGE ( 'NONE', *, *, #2816, .F. ) ;
#1687 = CARTESIAN_POINT ( 'NONE',  ( 1.505000000000000100, -3.734998761554723800, -3.000004325757116100 ) ) ;
#1688 = EDGE_CURVE ( 'NONE', #1812, #833, #2427, .T. ) ;
#1689 = ORIENTED_EDGE ( 'NONE', *, *, #1282, .T. ) ;
#1690 = ORIENTED_EDGE ( 'NONE', *, *, #116, .F. ) ;
#1691 =( GEOMETRIC_REPRESENTATION_CONTEXT ( 3 ) GLOBAL_UNCERTAINTY_ASSIGNED_CONTEXT ( ( #2042 ) ) GLOBAL_UNIT_ASSIGNED_CONTEXT ( ( #809, #361, #105 ) ) REPRESENTATION_CONTEXT ( 'NONE', 'WORKASPACE' ) );
#1692 =( NAMED_UNIT ( * ) SI_UNIT ( $, .STERADIAN. ) SOLID_ANGLE_UNIT ( ) );
#1693 = ORIENTED_EDGE ( 'NONE', *, *, #1967, .T. ) ;
#1694 = ORIENTED_EDGE ( 'NONE', *, *, #741, .F. ) ;
#1695 = DIRECTION ( 'NONE',  ( 0.0000000000000000000, 0.0000000000000000000, 1.000000000000000000 ) ) ;
#1696 = EDGE_LOOP ( 'NONE', ( #401, #2221, #340, #472 ) ) ;
#1697 = CIRCLE ( 'NONE', #2904, 0.1000000000000000100 ) ;
#1698 = CARTESIAN_POINT ( 'NONE',  ( 0.7050000000000000700, -3.084998761554723900, 1.799995674242883500 ) ) ;
#1699 = LINE ( 'NONE', #2456, #91 ) ;
#1700 = DIRECTION ( 'NONE',  ( 0.0000000000000000000, 0.0000000000000000000, -1.000000000000000000 ) ) ;
#1701 = DIRECTION ( 'NONE',  ( -1.000000000000000000, 0.0000000000000000000, -0.0000000000000000000 ) ) ;
#1702 = EDGE_CURVE ( 'NONE', #1972, #1703, #1016, .T. ) ;
#1703 = VERTEX_POINT ( 'NONE', #1612 ) ;
#1704 = SURFACE_STYLE_FILL_AREA ( #2604 ) ;
#1705 = FILL_AREA_STYLE ('',( #2137 ) ) ;
#1706 = ORIENTED_EDGE ( 'NONE', *, *, #1386, .F. ) ;
#1707 =( GEOMETRIC_REPRESENTATION_CONTEXT ( 3 ) GLOBAL_UNCERTAINTY_ASSIGNED_CONTEXT ( ( #95 ) ) GLOBAL_UNIT_ASSIGNED_CONTEXT ( ( #969, #2607, #1692 ) ) REPRESENTATION_CONTEXT ( 'NONE', 'WORKASPACE' ) );
#1708 = LINE ( 'NONE', #2075, #2471 ) ;
#1709 = CARTESIAN_POINT ( 'NONE',  ( 0.9350000000000000500, -3.934998761554723900, -0.1000043257571162200 ) ) ;
#1710 = ADVANCED_FACE ( 'NONE', ( #2878 ), #2346, .T. ) ;
#1711 = VECTOR ( 'NONE', #414, 1000.000000000000000 ) ;
#1712 = FACE_OUTER_BOUND ( 'NONE', #1121, .T. ) ;
#1713 = CIRCLE ( 'NONE', #966, 0.2000000000000000900 ) ;
#1714 = CARTESIAN_POINT ( 'NONE',  ( 1.505000000000000100, 3.934998761554723900, -2.812418705823278100 ) ) ;
#1715 = CARTESIAN_POINT ( 'NONE',  ( 2.390000000000000600, -3.200000000000000200, 1.850000000000000100 ) ) ;
#1716 = AXIS2_PLACEMENT_3D ( 'NONE', #442, #921, #1124 ) ;
#1717 = PLANE ( 'NONE',  #769 ) ;
#1718 = CARTESIAN_POINT ( 'NONE',  ( 1.406207190033080400, -3.734998761554723800, -3.000004325757116100 ) ) ;
#1719 = CARTESIAN_POINT ( 'NONE',  ( 0.9350000000000000500, -3.734998761554723800, -4.325757116223349900E-006 ) ) ;
#1720 = MANIFOLD_SOLID_BREP ( 'ｶｯﾄ - 押し出し1', #2561 ) ;
#1721 = EDGE_CURVE ( 'NONE', #988, #856, #1977, .T. ) ;
#1722 = DIRECTION ( 'NONE',  ( 1.000000000000000000, 0.0000000000000000000, 0.0000000000000000000 ) ) ;
#1723 = EDGE_LOOP ( 'NONE', ( #2760, #343, #2829, #288, #2761, #41, #2621, #2595 ) ) ;
#1724 = ADVANCED_FACE ( 'NONE', ( #249 ), #2295, .T. ) ;
#1725 = LINE ( 'NONE', #2969, #224 ) ;
#1726 = PRESENTATION_LAYER_ASSIGNMENT (  '', '', ( #748 ) ) ;
#1727 = UNCERTAINTY_MEASURE_WITH_UNIT (LENGTH_MEASURE( 1.000000000000000100E-005 ), #1636, 'distance_accuracy_value', 'NONE');
#1728 = CARTESIAN_POINT ( 'NONE',  ( -0.7050000000000000700, 3.734998761554724200, 1.799995674242883800 ) ) ;
#1729 = ORIENTED_EDGE ( 'NONE', *, *, #2897, .F. ) ;
#1730 = VERTEX_POINT ( 'NONE', #1624 ) ;
#1731 = ORIENTED_EDGE ( 'NONE', *, *, #2785, .F. ) ;
#1732 = VERTEX_POINT ( 'NONE', #713 ) ;
#1733 = VERTEX_POINT ( 'NONE', #2774 ) ;
#1734 = CARTESIAN_POINT ( 'NONE',  ( -1.035000000000000100, -3.934998761554723900, -2.800004325757116300 ) ) ;
#1735 = LINE ( 'NONE', #2486, #427 ) ;
#1736 = CARTESIAN_POINT ( 'NONE',  ( 0.7050000000000000700, 3.734998761554723800, -3.000004325757116100 ) ) ;
#1737 = DIRECTION ( 'NONE',  ( 0.0000000000000000000, 0.0000000000000000000, 1.000000000000000000 ) ) ;
#1738 = CARTESIAN_POINT ( 'NONE',  ( -1.705000000000000100, 3.934998761554723900, 1.799995674242883800 ) ) ;
#1739 = DIRECTION ( 'NONE',  ( 0.0000000000000000000, 0.0000000000000000000, 1.000000000000000000 ) ) ;
#1740 = CARTESIAN_POINT ( 'NONE',  ( -1.035000000000000100, -3.734998761554723800, -0.1000043257571160600 ) ) ;
#1741 = FILL_AREA_STYLE ('',( #2433 ) ) ;
#1742 = VECTOR ( 'NONE', #801, 1000.000000000000000 ) ;
#1743 = VECTOR ( 'NONE', #297, 1000.000000000000000 ) ;
#1744 = ORIENTED_EDGE ( 'NONE', *, *, #403, .T. ) ;
#1745 = LINE ( 'NONE', #1070, #1130 ) ;
#1746 = CARTESIAN_POINT ( 'NONE',  ( -1.605000000000000000, 3.734998761554723800, 0.09999567424288381700 ) ) ;
#1747 = AXIS2_PLACEMENT_3D ( 'NONE', #1356, #2277, #2508 ) ;
#1748 = LINE ( 'NONE', #196, #2391 ) ;
#1749 = FACE_OUTER_BOUND ( 'NONE', #1629, .T. ) ;
#1750 = CARTESIAN_POINT ( 'NONE',  ( -2.389999999999999700, -3.200000000000000200, 1.850000000000000100 ) ) ;
#1751 = CIRCLE ( 'NONE', #681, 0.1000000000000000100 ) ;
#1752 = DIRECTION ( 'NONE',  ( 0.0000000000000000000, 0.0000000000000000000, 1.000000000000000000 ) ) ;
#1753 = DIRECTION ( 'NONE',  ( 0.0000000000000000000, 0.0000000000000000000, 1.000000000000000000 ) ) ;
#1754 = VECTOR ( 'NONE', #2399, 1000.000000000000000 ) ;
#1755 = DIRECTION ( 'NONE',  ( -0.0000000000000000000, -1.000000000000000000, -0.0000000000000000000 ) ) ;
#1756 = VERTEX_POINT ( 'NONE', #1389 ) ;
#1757 = EDGE_CURVE ( 'NONE', #1528, #2087, #2510, .T. ) ;
#1758 = DIRECTION ( 'NONE',  ( -0.0000000000000000000, 1.000000000000000000, -0.0000000000000000000 ) ) ;
#1759 =( GEOMETRIC_REPRESENTATION_CONTEXT ( 3 ) GLOBAL_UNCERTAINTY_ASSIGNED_CONTEXT ( ( #1614 ) ) GLOBAL_UNIT_ASSIGNED_CONTEXT ( ( #641, #1113, #409 ) ) REPRESENTATION_CONTEXT ( 'NONE', 'WORKASPACE' ) );
#1760 = ADVANCED_FACE ( 'NONE', ( #1017 ), #974, .F. ) ;
#1761 = CARTESIAN_POINT ( 'NONE',  ( 1.605000000000000000, 3.734998761554724200, 0.09999567424288381700 ) ) ;
#1762 = CARTESIAN_POINT ( 'NONE',  ( -1.505000000000000100, -3.934998761554723900, -2.801957100939561400 ) ) ;
#1763 = CARTESIAN_POINT ( 'NONE',  ( -1.035000000000000100, 3.934998761554723900, -0.1000043257571162200 ) ) ;
#1764 = CARTESIAN_POINT ( 'NONE',  ( -0.8050000000000001600, 3.734998761554723800, -4.325757116223349900E-006 ) ) ;
#1765 = ORIENTED_EDGE ( 'NONE', *, *, #806, .T. ) ;
#1766 = DIRECTION ( 'NONE',  ( 0.0000000000000000000, -1.000000000000000000, 0.0000000000000000000 ) ) ;
#1767 = DIRECTION ( 'NONE',  ( 1.000000000000000000, -0.0000000000000000000, -0.0000000000000000000 ) ) ;
#1768 = VERTEX_POINT ( 'NONE', #517 ) ;
#1769 = EDGE_CURVE ( 'NONE', #833, #2452, #2051, .T. ) ;
#1770 = CIRCLE ( 'NONE', #1853, 0.1000000000000000100 ) ;
#1771 = CARTESIAN_POINT ( 'NONE',  ( 0.8050000000000001600, 3.734998761554723800, -4.325757116223349900E-006 ) ) ;
#1772 = ORIENTED_EDGE ( 'NONE', *, *, #1589, .F. ) ;
#1773 = DIRECTION ( 'NONE',  ( 0.0000000000000000000, -1.000000000000000000, 0.0000000000000000000 ) ) ;
#1774 = AXIS2_PLACEMENT_3D ( 'NONE', #2460, #1080, #380 ) ;
#1775 = DIRECTION ( 'NONE',  ( 0.0000000000000000000, 0.2079116908177597900, 0.9781476007338055800 ) ) ;
#1776 = ORIENTED_EDGE ( 'NONE', *, *, #130, .T. ) ;
#1777 = VERTEX_POINT ( 'NONE', #1665 ) ;
#1778 = VERTEX_POINT ( 'NONE', #735 ) ;
#1779 = ADVANCED_FACE ( 'NONE', ( #2329 ), #1214, .T. ) ;
#1780 = CARTESIAN_POINT ( 'NONE',  ( -1.129999999999999700, -3.734998761554723800, -3.000004325757116100 ) ) ;
#1781 = DIRECTION ( 'NONE',  ( 0.0000000000000000000, 0.0000000000000000000, 1.000000000000000000 ) ) ;
#1782 = ORIENTED_EDGE ( 'NONE', *, *, #2518, .F. ) ;
#1783 = EDGE_CURVE ( 'NONE', #964, #2976, #2187, .T. ) ;
#1784 = AXIS2_PLACEMENT_3D ( 'NONE', #393, #408, #1069 ) ;
#1785 = CARTESIAN_POINT ( 'NONE',  ( -0.9350000000000000500, -3.734998761554723800, -4.325757116223349900E-006 ) ) ;
#1786 = VECTOR ( 'NONE', #100, 1000.000000000000000 ) ;
#1787 = EDGE_CURVE ( 'NONE', #231, #2371, #2602, .T. ) ;
#1788 = CARTESIAN_POINT ( 'NONE',  ( -0.8050000000000001600, -3.934998761554723900, -4.325757116223349900E-006 ) ) ;
#1789 = FILL_AREA_STYLE ('',( #2041 ) ) ;
#1790 = CIRCLE ( 'NONE', #2089, 0.09999999999999961700 ) ;
#1791 = ORIENTED_EDGE ( 'NONE', *, *, #160, .T. ) ;
#1792 = VECTOR ( 'NONE', #1983, 1000.000000000000000 ) ;
#1793 = CARTESIAN_POINT ( 'NONE',  ( 0.7050000000000000700, 3.634998761554724100, 1.799995674242883300 ) ) ;
#1794 = EDGE_CURVE ( 'NONE', #2825, #477, #1713, .T. ) ;
#1795 = DIRECTION ( 'NONE',  ( -0.9032775043542906600, 0.0000000000000000000, 0.4290568145682860400 ) ) ;
#1796 = EDGE_LOOP ( 'NONE', ( #112, #2762, #673, #1435 ) ) ;
#1797 = FACE_OUTER_BOUND ( 'NONE', #2515, .T. ) ;
#1798 = CARTESIAN_POINT ( 'NONE',  ( -1.035000000000000100, -3.734998761554723800, -3.000004325757116100 ) ) ;
#1799 = STYLED_ITEM ( 'NONE', ( #637 ), #412 ) ;
#1800 = AXIS2_PLACEMENT_3D ( 'NONE', #2170, #1018, #2628 ) ;
#1801 = DIRECTION ( 'NONE',  ( -0.0000000000000000000, -1.000000000000000000, -0.0000000000000000000 ) ) ;
#1802 = DIRECTION ( 'NONE',  ( 1.000000000000000000, 0.0000000000000000000, 0.0000000000000000000 ) ) ;
#1803 = CARTESIAN_POINT ( 'NONE',  ( 1.505000000000000100, 3.934998761554723900, 0.0000000000000000000 ) ) ;
#1804 = PLANE ( 'NONE',  #1784 ) ;
#1805 = ORIENTED_EDGE ( 'NONE', *, *, #1539, .F. ) ;
#1806 = DIRECTION ( 'NONE',  ( 0.0000000000000000000, 0.0000000000000000000, 1.000000000000000000 ) ) ;
#1807 = CIRCLE ( 'NONE', #2192, 0.2000000000000000900 ) ;
#1808 = CARTESIAN_POINT ( 'NONE',  ( -0.9350000000000000500, 3.934998761554723900, -0.1000043257571162200 ) ) ;
#1809 = CIRCLE ( 'NONE', #443, 0.1000000000000000100 ) ;
#1810 = EDGE_CURVE ( 'NONE', #230, #1051, #482, .T. ) ;
#1811 = VERTEX_POINT ( 'NONE', #1718 ) ;
#1812 = VERTEX_POINT ( 'NONE', #119 ) ;
#1813 = EDGE_LOOP ( 'NONE', ( #2974, #423, #319, #1403, #983, #2689, #1355, #1577 ) ) ;
#1814 = VERTEX_POINT ( 'NONE', #1762 ) ;
#1815 = EDGE_CURVE ( 'NONE', #305, #693, #1905, .T. ) ;
#1816 = MECHANICAL_DESIGN_GEOMETRIC_PRESENTATION_REPRESENTATION (  '', ( #2867 ), #1328 ) ;
#1817 = DIRECTION ( 'NONE',  ( 1.000000000000000000, 0.0000000000000000000, 0.0000000000000000000 ) ) ;
#1818 = SURFACE_SIDE_STYLE ('',( #2624 ) ) ;
#1819 =( NAMED_UNIT ( * ) SI_UNIT ( $, .STERADIAN. ) SOLID_ANGLE_UNIT ( ) );
#1820 = COLOUR_RGB ( '',0.7921568627450980000, 0.8196078431372548800, 0.9333333333333333500 ) ;
#1821 = VERTEX_POINT ( 'NONE', #793 ) ;
#1822 = DIRECTION ( 'NONE',  ( -0.2035585949527793400, 0.2035585949527793400, 0.9576678948579725500 ) ) ;
#1823 = ADVANCED_FACE ( 'NONE', ( #441 ), #570, .F. ) ;
#1824 = CIRCLE ( 'NONE', #424, 0.1000000000000000100 ) ;
#1825 = ORIENTED_EDGE ( 'NONE', *, *, #1239, .F. ) ;
#1826 = SURFACE_STYLE_FILL_AREA ( #2092 ) ;
#1827 = CARTESIAN_POINT ( 'NONE',  ( -1.505000000000000100, -3.934998761554723900, -2.801957100939561400 ) ) ;
#1828 =( LENGTH_UNIT ( ) NAMED_UNIT ( * ) SI_UNIT ( .MILLI., .METRE. ) );
#1829 = FACE_OUTER_BOUND ( 'NONE', #444, .T. ) ;
#1830 = UNCERTAINTY_MEASURE_WITH_UNIT (LENGTH_MEASURE( 1.000000000000000100E-005 ), #2573, 'distance_accuracy_value', 'NONE');
#1831 = DIRECTION ( 'NONE',  ( 0.0000000000000000000, 0.0000000000000000000, 1.000000000000000000 ) ) ;
#1832 = EDGE_CURVE ( 'NONE', #812, #867, #2360, .T. ) ;
#1833 =( LENGTH_UNIT ( ) NAMED_UNIT ( * ) SI_UNIT ( .MILLI., .METRE. ) );
#1834 =( LENGTH_UNIT ( ) NAMED_UNIT ( * ) SI_UNIT ( .MILLI., .METRE. ) );
#1835 = PRESENTATION_LAYER_ASSIGNMENT (  '', '', ( #1662 ) ) ;
#1836 = DIRECTION ( 'NONE',  ( 0.4650049686007404800, 0.0000000000000000000, -0.8853080702086840700 ) ) ;
#1837 = ADVANCED_FACE ( 'NONE', ( #1281 ), #1023, .F. ) ;
#1838 = DIRECTION ( 'NONE',  ( -1.000000000000000000, 0.0000000000000000000, -0.0000000000000000000 ) ) ;
#1839 =( NAMED_UNIT ( * ) PLANE_ANGLE_UNIT ( ) SI_UNIT ( $, .RADIAN. ) );
#1840 = EDGE_LOOP ( 'NONE', ( #746, #1201, #1187, #1878, #2657, #129, #997, #1625 ) ) ;
#1841 = EDGE_CURVE ( 'NONE', #1102, #379, #2957, .T. ) ;
#1842 = CARTESIAN_POINT ( 'NONE',  ( -0.7050000000000000700, -3.734998761554723800, -3.000004325757116100 ) ) ;
#1843 = LINE ( 'NONE', #2849, #600 ) ;
#1844 = CARTESIAN_POINT ( 'NONE',  ( -1.705000000000000100, 3.084998761554723900, 1.999995674242884200 ) ) ;
#1845 = ORIENTED_EDGE ( 'NONE', *, *, #1532, .F. ) ;
#1846 = CARTESIAN_POINT ( 'NONE',  ( 1.605000000000000000, -3.734998761554723800, -4.325757116333559900E-006 ) ) ;
#1847 = ORIENTED_EDGE ( 'NONE', *, *, #1886, .F. ) ;
#1848 = EDGE_LOOP ( 'NONE', ( #266, #2734, #1887, #2345 ) ) ;
#1849 = VERTEX_POINT ( 'NONE', #2863 ) ;
#1850 = DIRECTION ( 'NONE',  ( 1.000000000000000000, 0.0000000000000000000, 0.0000000000000000000 ) ) ;
#1851 = ORIENTED_EDGE ( 'NONE', *, *, #939, .F. ) ;
#1852 = ORIENTED_EDGE ( 'NONE', *, *, #2941, .F. ) ;
#1853 = AXIS2_PLACEMENT_3D ( 'NONE', #811, #320, #2626 ) ;
#1854 = VERTEX_POINT ( 'NONE', #318 ) ;
#1855 = CARTESIAN_POINT ( 'NONE',  ( -0.7050000000000000700, -3.084998761554723900, 1.999995674242884200 ) ) ;
#1856 =( GEOMETRIC_REPRESENTATION_CONTEXT ( 3 ) GLOBAL_UNCERTAINTY_ASSIGNED_CONTEXT ( ( #2053 ) ) GLOBAL_UNIT_ASSIGNED_CONTEXT ( ( #1514, #1066, #2668 ) ) REPRESENTATION_CONTEXT ( 'NONE', 'WORKASPACE' ) );
#1857 = CARTESIAN_POINT ( 'NONE',  ( 1.705000000000000100, -3.084998761554723900, 1.999995674242884200 ) ) ;
#1858 = DIRECTION ( 'NONE',  ( 0.0000000000000000000, -1.000000000000000000, 0.0000000000000000000 ) ) ;
#1859 = EDGE_CURVE ( 'NONE', #230, #904, #516, .T. ) ;
#1860 = VECTOR ( 'NONE', #103, 1000.000000000000000 ) ;
#1861 = EDGE_LOOP ( 'NONE', ( #2424, #560, #2860, #1466, #2098, #1533, #678, #2363 ) ) ;
#1862 = SURFACE_SIDE_STYLE ('',( #1826 ) ) ;
#1863 = FACE_OUTER_BOUND ( 'NONE', #1405, .T. ) ;
#1864 = AXIS2_PLACEMENT_3D ( 'NONE', #831, #1498, #2450 ) ;
#1865 = LINE ( 'NONE', #2547, #2773 ) ;
#1866 = DIRECTION ( 'NONE',  ( 0.0000000000000000000, 1.000000000000000000, 0.0000000000000000000 ) ) ;
#1867 = ORIENTED_EDGE ( 'NONE', *, *, #865, .T. ) ;
#1868 = FACE_OUTER_BOUND ( 'NONE', #1401, .T. ) ;
#1869 = DIRECTION ( 'NONE',  ( -0.0000000000000000000, -1.000000000000000000, -6.672013369141566200E-016 ) ) ;
#1870 = ORIENTED_EDGE ( 'NONE', *, *, #2890, .T. ) ;
#1871 =( NAMED_UNIT ( * ) SI_UNIT ( $, .STERADIAN. ) SOLID_ANGLE_UNIT ( ) );
#1872 = EDGE_CURVE ( 'NONE', #2491, #804, #2674, .T. ) ;
#1873 = DIRECTION ( 'NONE',  ( 0.0000000000000000000, 0.0000000000000000000, 1.000000000000000000 ) ) ;
#1874 = FILL_AREA_STYLE_COLOUR ( '', #27 ) ;
#1875 = AXIS2_PLACEMENT_3D ( 'NONE', #805, #554, #2426 ) ;
#1876 = AXIS2_PLACEMENT_3D ( 'NONE', #2743, #1850, #1622 ) ;
#1877 = CARTESIAN_POINT ( 'NONE',  ( -0.7050000000000000700, -3.634998761554724100, 1.799995674242883300 ) ) ;
#1878 = ORIENTED_EDGE ( 'NONE', *, *, #2907, .T. ) ;
#1879 = FACE_OUTER_BOUND ( 'NONE', #2686, .T. ) ;
#1880 = VECTOR ( 'NONE', #2708, 1000.000000000000000 ) ;
#1881 = EDGE_LOOP ( 'NONE', ( #953, #2321, #1271, #1383 ) ) ;
#1882 = ORIENTED_EDGE ( 'NONE', *, *, #2190, .F. ) ;
#1883 = DIRECTION ( 'NONE',  ( 0.4290568145682860400, 0.0000000000000000000, -0.9032775043542906600 ) ) ;
#1884 = EDGE_LOOP ( 'NONE', ( #711, #1845, #755, #2275 ) ) ;
#1885 = EDGE_CURVE ( 'NONE', #68, #422, #1491, .T. ) ;
#1886 = EDGE_CURVE ( 'NONE', #2889, #1620, #2219, .T. ) ;
#1887 = ORIENTED_EDGE ( 'NONE', *, *, #2479, .T. ) ;
#1888 = CIRCLE ( 'NONE', #1375, 0.1000000000000000100 ) ;
#1889 = CARTESIAN_POINT ( 'NONE',  ( 2.103048641745470300, -3.200000000000000200, 3.200000000000000200 ) ) ;
#1890 = PLANE ( 'NONE',  #914 ) ;
#1891 = MECHANICAL_DESIGN_GEOMETRIC_PRESENTATION_REPRESENTATION (  '', ( #2697 ), #1259 ) ;
#1892 = VECTOR ( 'NONE', #2237, 1000.000000000000000 ) ;
#1893 = DIRECTION ( 'NONE',  ( 0.0000000000000000000, -0.9781476007338055800, 0.2079116908177597900 ) ) ;
#1894 = LINE ( 'NONE', #764, #1786 ) ;
#1895 = ORIENTED_EDGE ( 'NONE', *, *, #2546, .T. ) ;
#1896 = CARTESIAN_POINT ( 'NONE',  ( -0.7050000000000000700, 3.084998761554723900, 1.999995674242884200 ) ) ;
#1897 = CARTESIAN_POINT ( 'NONE',  ( -2.103048641745469500, -2.913048641745470000, 0.5000000000000000000 ) ) ;
#1898 = ORIENTED_EDGE ( 'NONE', *, *, #1492, .T. ) ;
#1899 = LINE ( 'NONE', #2971, #478 ) ;
#1900 = DIRECTION ( 'NONE',  ( -0.0000000000000000000, 1.000000000000000000, -0.0000000000000000000 ) ) ;
#1901 = CYLINDRICAL_SURFACE ( 'NONE', #410, 0.09999999999999961700 ) ;
#1902 = CARTESIAN_POINT ( 'NONE',  ( -0.8050000000000001600, 3.934998761554723900, 0.09999567424288377500 ) ) ;
#1903 = VECTOR ( 'NONE', #2308, 1000.000000000000000 ) ;
#1904 = COLOUR_RGB ( '',0.7921568627450980000, 0.8196078431372548800, 0.9333333333333333500 ) ;
#1905 = LINE ( 'NONE', #2647, #587 ) ;
#1906 = CARTESIAN_POINT ( 'NONE',  ( 1.051761856195818600, 3.734998761554723800, -2.835292444064103200 ) ) ;
#1907 = CARTESIAN_POINT ( 'NONE',  ( 1.705000000000000100, 3.734998761554724200, 1.799995674242883800 ) ) ;
#1908 = DIRECTION ( 'NONE',  ( 0.0000000000000000000, 0.0000000000000000000, -1.000000000000000000 ) ) ;
#1909 = AXIS2_PLACEMENT_3D ( 'NONE', #1142, #893, #2742 ) ;
#1910 = FILL_AREA_STYLE ('',( #965 ) ) ;
#1911 = AXIS2_PLACEMENT_3D ( 'NONE', #879, #1126, #1360 ) ;
#1912 = VERTEX_POINT ( 'NONE', #808 ) ;
#1913 = ORIENTED_EDGE ( 'NONE', *, *, #980, .T. ) ;
#1914 = CARTESIAN_POINT ( 'NONE',  ( 1.505000000000000100, -3.934998761554723900, -2.812418705823278100 ) ) ;
#1915 = EDGE_CURVE ( 'NONE', #2130, #2291, #1062, .T. ) ;
#1916 = VECTOR ( 'NONE', #783, 1000.000000000000000 ) ;
#1917 =( NAMED_UNIT ( * ) SI_UNIT ( $, .STERADIAN. ) SOLID_ANGLE_UNIT ( ) );
#1918 = SURFACE_STYLE_USAGE ( .BOTH. , #1246 ) ;
#1919 = ORIENTED_EDGE ( 'NONE', *, *, #922, .F. ) ;
#1920 = CARTESIAN_POINT ( 'NONE',  ( 1.705000000000000100, 3.084998761554723900, 1.799995674242883500 ) ) ;
#1921 = ORIENTED_EDGE ( 'NONE', *, *, #754, .F. ) ;
#1922 = ORIENTED_EDGE ( 'NONE', *, *, #1409, .T. ) ;
#1923 = ORIENTED_EDGE ( 'NONE', *, *, #634, .F. ) ;
#1924 = DIRECTION ( 'NONE',  ( 0.0000000000000000000, 0.0000000000000000000, 1.000000000000000000 ) ) ;
#1925 = EDGE_CURVE ( 'NONE', #1541, #270, #1597, .T. ) ;
#1926 = DIRECTION ( 'NONE',  ( 0.0000000000000000000, 1.000000000000000000, 0.0000000000000000000 ) ) ;
#1927 = LINE ( 'NONE', #1715, #1660 ) ;
#1928 = CARTESIAN_POINT ( 'NONE',  ( -0.7050000000000000700, -3.634998761554724100, 1.799995674242883500 ) ) ;
#1929 = AXIS2_PLACEMENT_3D ( 'NONE', #2960, #260, #2577 ) ;
#1930 = VECTOR ( 'NONE', #2633, 1000.000000000000000 ) ;
#1931 = ORIENTED_EDGE ( 'NONE', *, *, #1038, .T. ) ;
#1932 = SURFACE_STYLE_FILL_AREA ( #2108 ) ;
#1933 = CARTESIAN_POINT ( 'NONE',  ( 0.9350000000000000500, 3.734998761554723800, -0.1000043257571162200 ) ) ;
#1934 = ORIENTED_EDGE ( 'NONE', *, *, #1298, .F. ) ;
#1935 = VECTOR ( 'NONE', #1402, 1000.000000000000000 ) ;
#1936 = CARTESIAN_POINT ( 'NONE',  ( 0.0000000000000000000, -2.913048641745469500, 0.5000000000000000000 ) ) ;
#1937 = AXIS2_PLACEMENT_3D ( 'NONE', #205, #1390, #2273 ) ;
#1938 = DIRECTION ( 'NONE',  ( 0.0000000000000000000, 0.0000000000000000000, 1.000000000000000000 ) ) ;
#1939 = CARTESIAN_POINT ( 'NONE',  ( -1.705000000000000100, 3.634998761554724100, 1.799995674242883300 ) ) ;
#1940 = EDGE_CURVE ( 'NONE', #2805, #926, #26, .T. ) ;
#1941 = EDGE_LOOP ( 'NONE', ( #2066, #1591, #184, #1348 ) ) ;
#1942 = EDGE_CURVE ( 'NONE', #1220, #2168, #1632, .T. ) ;
#1943 = CARTESIAN_POINT ( 'NONE',  ( 1.705000000000000100, 3.734998761554723800, 0.09999567424288403900 ) ) ;
#1944 = PLANE ( 'NONE',  #338 ) ;
#1945 = ADVANCED_FACE ( 'NONE', ( #1322 ), #370, .T. ) ;
#1946 = CARTESIAN_POINT ( 'NONE',  ( -0.9912270237025777600, -1.851434140000000100, 3.100000000000000500 ) ) ;
#1947 = AXIS2_PLACEMENT_3D ( 'NONE', #2855, #559, #583 ) ;
#1948 = CARTESIAN_POINT ( 'NONE',  ( -1.605000000000000000, 3.934998761554723900, -0.1000043257571162200 ) ) ;
#1949 = DIRECTION ( 'NONE',  ( 0.0000000000000000000, 0.0000000000000000000, 1.000000000000000000 ) ) ;
#1950 = ORIENTED_EDGE ( 'NONE', *, *, #1365, .T. ) ;
#1951 = LINE ( 'NONE', #2718, #1250 ) ;
#1952 = DIRECTION ( 'NONE',  ( 0.0000000000000000000, -1.000000000000000000, 0.0000000000000000000 ) ) ;
#1953 = ORIENTED_EDGE ( 'NONE', *, *, #352, .T. ) ;
#1954 = DIRECTION ( 'NONE',  ( 0.0000000000000000000, 0.0000000000000000000, -1.000000000000000000 ) ) ;
#1955 = EDGE_LOOP ( 'NONE', ( #1580, #851, #1434, #177 ) ) ;
#1956 = ORIENTED_EDGE ( 'NONE', *, *, #729, .T. ) ;
#1957 = AXIS2_PLACEMENT_3D ( 'NONE', #2864, #1518, #1739 ) ;
#1958 = CARTESIAN_POINT ( 'NONE',  ( -0.8050000000000001600, -3.734998761554723800, -4.325757116223349900E-006 ) ) ;
#1959 = CARTESIAN_POINT ( 'NONE',  ( 0.7050000000000000700, -3.934998761554723900, 1.799995674242883800 ) ) ;
#1960 = CARTESIAN_POINT ( 'NONE',  ( -0.7050000000000000700, 3.934998761554723900, 0.09999567424288377500 ) ) ;
#1961 = ORIENTED_EDGE ( 'NONE', *, *, #2343, .F. ) ;
#1962 = LINE ( 'NONE', #2258, #1002 ) ;
#1963 = DIRECTION ( 'NONE',  ( 0.0000000000000000000, 0.0000000000000000000, 1.000000000000000000 ) ) ;
#1964 = ADVANCED_FACE ( 'NONE', ( #1829 ), #845, .F. ) ;
#1965 = DIRECTION ( 'NONE',  ( 0.0000000000000000000, 0.0000000000000000000, 1.000000000000000000 ) ) ;
#1966 = DIRECTION ( 'NONE',  ( 1.000000000000000000, 0.0000000000000000000, 0.0000000000000000000 ) ) ;
#1967 = EDGE_CURVE ( 'NONE', #2748, #413, #2327, .T. ) ;
#1968 = VECTOR ( 'NONE', #1924, 1000.000000000000000 ) ;
#1969 = VERTEX_POINT ( 'NONE', #157 ) ;
#1970 = DIRECTION ( 'NONE',  ( 0.0000000000000000000, 0.0000000000000000000, 1.000000000000000000 ) ) ;
#1971 = LINE ( 'NONE', #7, #1450 ) ;
#1972 = VERTEX_POINT ( 'NONE', #1320 ) ;
#1973 = CARTESIAN_POINT ( 'NONE',  ( 1.705000000000000100, 3.084998761554723900, 1.999995674242884200 ) ) ;
#1974 =( NAMED_UNIT ( * ) PLANE_ANGLE_UNIT ( ) SI_UNIT ( $, .RADIAN. ) );
#1975 = LINE ( 'NONE', #148, #1132 ) ;
#1976 = FACE_OUTER_BOUND ( 'NONE', #384, .T. ) ;
#1977 = LINE ( 'NONE', #686, #730 ) ;
#1978 = CARTESIAN_POINT ( 'NONE',  ( -1.605000000000000000, 3.934998761554723900, -0.1000043257571162200 ) ) ;
#1979 = MECHANICAL_DESIGN_GEOMETRIC_PRESENTATION_REPRESENTATION (  '', ( #2542 ), #1104 ) ;
#1980 = ADVANCED_FACE ( 'NONE', ( #725 ), #1901, .F. ) ;
#1981 = ORIENTED_EDGE ( 'NONE', *, *, #2435, .T. ) ;
#1982 = CARTESIAN_POINT ( 'NONE',  ( -0.7050000000000000700, 3.634998761554724100, 1.799995674242883500 ) ) ;
#1983 = DIRECTION ( 'NONE',  ( -1.000000000000000000, -0.0000000000000000000, -0.0000000000000000000 ) ) ;
#1984 = CARTESIAN_POINT ( 'NONE',  ( -2.124808949893441900, 2.934808949893442000, 3.097625799095519400 ) ) ;
#1985 = EDGE_CURVE ( 'NONE', #2274, #2825, #2842, .T. ) ;
#1986 = DIRECTION ( 'NONE',  ( 0.0000000000000000000, 0.0000000000000000000, -1.000000000000000000 ) ) ;
#1987 = ORIENTED_EDGE ( 'NONE', *, *, #237, .F. ) ;
#1988 = DIRECTION ( 'NONE',  ( 0.0000000000000000000, 1.000000000000000000, 0.0000000000000000000 ) ) ;
#1989 = AXIS2_PLACEMENT_3D ( 'NONE', #950, #701, #2325 ) ;
#1990 = CARTESIAN_POINT ( 'NONE',  ( -1.605000000000000000, 3.934998761554723900, -4.325757116211104400E-006 ) ) ;
#1991 = DIRECTION ( 'NONE',  ( 1.000000000000000000, 0.0000000000000000000, -0.0000000000000000000 ) ) ;
#1992 = VECTOR ( 'NONE', #538, 1000.000000000000000 ) ;
#1993 = ADVANCED_FACE ( 'NONE', ( #1277 ), #1804, .T. ) ;
#1994 = DIRECTION ( 'NONE',  ( 0.0000000000000000000, 1.000000000000000000, 0.0000000000000000000 ) ) ;
#1995 = SURFACE_SIDE_STYLE ('',( #2410 ) ) ;
#1996 = VERTEX_POINT ( 'NONE', #640 ) ;
#1997 = EDGE_LOOP ( 'NONE', ( #509, #923, #581, #1369 ) ) ;
#1998 = VECTOR ( 'NONE', #863, 1000.000000000000000 ) ;
#1999 = DIRECTION ( 'NONE',  ( -0.0000000000000000000, 0.0000000000000000000, 1.000000000000000000 ) ) ;
#2000 = ORIENTED_EDGE ( 'NONE', *, *, #1925, .T. ) ;
#2001 = EDGE_CURVE ( 'NONE', #642, #1730, #2255, .T. ) ;
#2002 = CARTESIAN_POINT ( 'NONE',  ( -0.7050000000000000700, -3.934998761554723900, 1.799995674242883800 ) ) ;
#2003 = CARTESIAN_POINT ( 'NONE',  ( -1.505000000000000100, -3.734998761554723800, -0.1000043257571162200 ) ) ;
#2004 = LINE ( 'NONE', #1679, #2802 ) ;
#2005 = CARTESIAN_POINT ( 'NONE',  ( -0.7050000000000000700, 3.934998761554723900, 1.799995674242883800 ) ) ;
#2006 = CIRCLE ( 'NONE', #2946, 0.09999999999999961700 ) ;
#2007 = VERTEX_POINT ( 'NONE', #2263 ) ;
#2008 = VECTOR ( 'NONE', #1241, 1000.000000000000000 ) ;
#2009 = SURFACE_SIDE_STYLE ('',( #1266 ) ) ;
#2010 = AXIS2_PLACEMENT_3D ( 'NONE', #2177, #1755, #387 ) ;
#2011 = ADVANCED_FACE ( 'NONE', ( #2541 ), #624, .F. ) ;
#2012 = FACE_OUTER_BOUND ( 'NONE', #2490, .T. ) ;
#2013 = VERTEX_POINT ( 'NONE', #2254 ) ;
#2014 = CARTESIAN_POINT ( 'NONE',  ( 1.705000000000000100, -3.084998761554723900, 1.799995674242883500 ) ) ;
#2015 = VECTOR ( 'NONE', #264, 999.9999999999998900 ) ;
#2016 = DIRECTION ( 'NONE',  ( 1.000000000000000000, 0.0000000000000000000, 0.0000000000000000000 ) ) ;
#2017 = COLOUR_RGB ( '',0.6274509803921568500, 0.6274509803921568500, 0.6274509803921568500 ) ;
#2018 = AXIS2_PLACEMENT_3D ( 'NONE', #1563, #2745, #185 ) ;
#2019 = ORIENTED_EDGE ( 'NONE', *, *, #575, .F. ) ;
#2020 = EDGE_CURVE ( 'NONE', #2919, #1149, #1014, .T. ) ;
#2021 = AXIS2_PLACEMENT_3D ( 'NONE', #473, #1428, #1633 ) ;
#2022 = SURFACE_STYLE_USAGE ( .BOTH. , #873 ) ;
#2023 = DIRECTION ( 'NONE',  ( -0.0000000000000000000, 1.000000000000000000, 0.0000000000000000000 ) ) ;
#2024 = DIRECTION ( 'NONE',  ( 0.0000000000000000000, -1.000000000000000000, 0.0000000000000000000 ) ) ;
#2025 = EDGE_CURVE ( 'NONE', #422, #256, #404, .T. ) ;
#2026 = LINE ( 'NONE', #2487, #2549 ) ;
#2027 = ORIENTED_EDGE ( 'NONE', *, *, #418, .T. ) ;
#2028 =( GEOMETRIC_REPRESENTATION_CONTEXT ( 3 ) GLOBAL_UNCERTAINTY_ASSIGNED_CONTEXT ( ( #519 ) ) GLOBAL_UNIT_ASSIGNED_CONTEXT ( ( #1659, #56, #1917 ) ) REPRESENTATION_CONTEXT ( 'NONE', 'WORKASPACE' ) );
#2029 = CARTESIAN_POINT ( 'NONE',  ( 0.7050000000000000700, 3.934998761554723900, -3.000004325757116100 ) ) ;
#2030 = ORIENTED_EDGE ( 'NONE', *, *, #2775, .F. ) ;
#2031 = EDGE_LOOP ( 'NONE', ( #709, #2512, #464, #2566 ) ) ;
#2032 = ORIENTED_EDGE ( 'NONE', *, *, #2364, .T. ) ;
#2033 = CARTESIAN_POINT ( 'NONE',  ( -1.705000000000000100, 3.734998761554723800, 1.699995674242883700 ) ) ;
#2034 = DIRECTION ( 'NONE',  ( 1.000000000000000000, 0.0000000000000000000, -0.0000000000000000000 ) ) ;
#2035 = ORIENTED_EDGE ( 'NONE', *, *, #765, .T. ) ;
#2036 = ORIENTED_EDGE ( 'NONE', *, *, #1492, .F. ) ;
#2037 = AXIS2_PLACEMENT_3D ( 'NONE', #2086, #683, #1873 ) ;
#2038 = PLANE ( 'NONE',  #61 ) ;
#2039 = ADVANCED_FACE ( 'NONE', ( #2778 ), #479, .F. ) ;
#2040 = LINE ( 'NONE', #1798, #236 ) ;
#2041 = FILL_AREA_STYLE_COLOUR ( '', #2017 ) ;
#2042 = UNCERTAINTY_MEASURE_WITH_UNIT (LENGTH_MEASURE( 1.000000000000000100E-005 ), #809, 'distance_accuracy_value', 'NONE');
#2043 = EDGE_LOOP ( 'NONE', ( #1152, #1468, #227, #618 ) ) ;
#2044 = CARTESIAN_POINT ( 'NONE',  ( 0.7050000000000000700, -3.734998761554723800, -4.325757116223349900E-006 ) ) ;
#2045 = EDGE_CURVE ( 'NONE', #1812, #2588, #1558, .T. ) ;
#2046 = EDGE_LOOP ( 'NONE', ( #895, #523, #382, #1484 ) ) ;
#2047 = VECTOR ( 'NONE', #2608, 1000.000000000000000 ) ;
#2048 = VECTOR ( 'NONE', #663, 1000.000000000000000 ) ;
#2049 = VECTOR ( 'NONE', #722, 1000.000000000000000 ) ;
#2050 = AXIS2_PLACEMENT_3D ( 'NONE', #1373, #2531, #417 ) ;
#2051 = CIRCLE ( 'NONE', #909, 0.7596378981193785400 ) ;
#2052 = ADVANCED_FACE ( 'NONE', ( #1797 ), #458, .F. ) ;
#2053 = UNCERTAINTY_MEASURE_WITH_UNIT (LENGTH_MEASURE( 1.000000000000000100E-005 ), #1514, 'distance_accuracy_value', 'NONE');
#2054 = CARTESIAN_POINT ( 'NONE',  ( -1.605000000000000000, -3.734998761554723800, -0.1000043257571162200 ) ) ;
#2055 = DIRECTION ( 'NONE',  ( 0.0000000000000000000, 0.0000000000000000000, 1.000000000000000000 ) ) ;
#2056 = CARTESIAN_POINT ( 'NONE',  ( 1.505000000000000100, -3.934998761554723900, -0.1000043257571162200 ) ) ;
#2057 = CARTESIAN_POINT ( 'NONE',  ( -1.035000000000000100, 3.934998761554723900, -2.800004325757116300 ) ) ;
#2058 = ORIENTED_EDGE ( 'NONE', *, *, #2711, .F. ) ;
#2059 = DIRECTION ( 'NONE',  ( 0.0000000000000000000, 0.0000000000000000000, 1.000000000000000000 ) ) ;
#2060 = DIRECTION ( 'NONE',  ( 1.000000000000000000, 0.0000000000000000000, 0.0000000000000000000 ) ) ;
#2061 = SURFACE_STYLE_USAGE ( .BOTH. , #1862 ) ;
#2062 = AXIS2_PLACEMENT_3D ( 'NONE', #884, #902, #2055 ) ;
#2063 = ORIENTED_EDGE ( 'NONE', *, *, #2097, .T. ) ;
#2064 = VERTEX_POINT ( 'NONE', #2726 ) ;
#2065 = DIRECTION ( 'NONE',  ( -0.4659810938585625700, 0.0000000000000000000, -0.8847946768411174600 ) ) ;
#2066 = ORIENTED_EDGE ( 'NONE', *, *, #335, .F. ) ;
#2067 = EDGE_LOOP ( 'NONE', ( #2236, #1196, #838, #495, #1581, #108, #1451, #2077 ) ) ;
#2068 = VECTOR ( 'NONE', #2477, 1000.000000000000000 ) ;
#2069 = AXIS2_PLACEMENT_3D ( 'NONE', #698, #13, #2319 ) ;
#2070 = DIRECTION ( 'NONE',  ( 0.0000000000000000000, -1.000000000000000000, 0.0000000000000000000 ) ) ;
#2071 = ORIENTED_EDGE ( 'NONE', *, *, #1156, .F. ) ;
#2072 = CARTESIAN_POINT ( 'NONE',  ( 1.035000000000000100, -3.934998761554723900, -0.1000043257571162200 ) ) ;
#2073 = EDGE_CURVE ( 'NONE', #1814, #243, #943, .T. ) ;
#2074 = FILL_AREA_STYLE ('',( #2963 ) ) ;
#2075 = CARTESIAN_POINT ( 'NONE',  ( -1.505000000000000100, 3.934998761554723900, -2.801957100939561400 ) ) ;
#2076 = FACE_OUTER_BOUND ( 'NONE', #1291, .T. ) ;
#2077 = ORIENTED_EDGE ( 'NONE', *, *, #278, .T. ) ;
#2078 = CYLINDRICAL_SURFACE ( 'NONE', #1800, 0.1000000000000000100 ) ;
#2079 = LINE ( 'NONE', #522, #1314 ) ;
#2080 = ORIENTED_EDGE ( 'NONE', *, *, #2120, .F. ) ;
#2081 = ADVANCED_FACE ( 'NONE', ( #2356 ), #1131, .T. ) ;
#2082 = CIRCLE ( 'NONE', #2720, 0.1000000000000000100 ) ;
#2083 = DIRECTION ( 'NONE',  ( 0.0000000000000000000, 1.000000000000000000, 0.0000000000000000000 ) ) ;
#2084 = EDGE_CURVE ( 'NONE', #2193, #2124, #2703, .T. ) ;
#2085 = VECTOR ( 'NONE', #1081, 1000.000000000000000 ) ;
#2086 = CARTESIAN_POINT ( 'NONE',  ( 1.705000000000000100, 3.634998761554724100, 1.699995674242883700 ) ) ;
#2087 = VERTEX_POINT ( 'NONE', #2746 ) ;
#2088 =( LENGTH_UNIT ( ) NAMED_UNIT ( * ) SI_UNIT ( .MILLI., .METRE. ) );
#2089 = AXIS2_PLACEMENT_3D ( 'NONE', #2853, #88, #357 ) ;
#2090 = CARTESIAN_POINT ( 'NONE',  ( -0.9912270237025777600, -1.851434140000000100, 3.100000000000000500 ) ) ;
#2091 = DIRECTION ( 'NONE',  ( -0.0000000000000000000, 1.000000000000000000, -0.0000000000000000000 ) ) ;
#2092 = FILL_AREA_STYLE ('',( #201 ) ) ;
#2093 = EDGE_CURVE ( 'NONE', #228, #2453, #1748, .T. ) ;
#2094 =( NAMED_UNIT ( * ) SI_UNIT ( $, .STERADIAN. ) SOLID_ANGLE_UNIT ( ) );
#2095 = VECTOR ( 'NONE', #1802, 1000.000000000000000 ) ;
#2096 = DIRECTION ( 'NONE',  ( 0.0000000000000000000, 1.000000000000000000, -6.672013369141566200E-016 ) ) ;
#2097 = EDGE_CURVE ( 'NONE', #606, #2379, #2292, .T. ) ;
#2098 = ORIENTED_EDGE ( 'NONE', *, *, #825, .F. ) ;
#2099 = ORIENTED_EDGE ( 'NONE', *, *, #992, .T. ) ;
#2100 = ORIENTED_EDGE ( 'NONE', *, *, #825, .T. ) ;
#2101 = DIRECTION ( 'NONE',  ( 0.0000000000000000000, 0.0000000000000000000, 1.000000000000000000 ) ) ;
#2102 = ORIENTED_EDGE ( 'NONE', *, *, #2444, .F. ) ;
#2103 = ORIENTED_EDGE ( 'NONE', *, *, #198, .T. ) ;
#2104 = CARTESIAN_POINT ( 'NONE',  ( -0.7050000000000000700, -3.084998761554723900, 1.999995674242884200 ) ) ;
#2105 = COLOUR_RGB ( '',0.2509803921568627400, 0.2509803921568627400, 0.2509803921568627400 ) ;
#2106 = DIRECTION ( 'NONE',  ( 0.0000000000000000000, 0.0000000000000000000, 1.000000000000000000 ) ) ;
#2107 = VECTOR ( 'NONE', #841, 999.9999999999998900 ) ;
#2108 = FILL_AREA_STYLE ('',( #2798 ) ) ;
#2109 = VECTOR ( 'NONE', #2437, 999.9999999999998900 ) ;
#2110 = ORIENTED_EDGE ( 'NONE', *, *, #2472, .T. ) ;
#2111 = PLANE ( 'NONE',  #245 ) ;
#2112 = AXIS2_PLACEMENT_3D ( 'NONE', #2834, #2186, #2634 ) ;
#2113 = PRESENTATION_STYLE_ASSIGNMENT (( #718 ) ) ;
#2114 = EDGE_LOOP ( 'NONE', ( #891, #1731, #2413, #2102 ) ) ;
#2115 = FACE_OUTER_BOUND ( 'NONE', #2114, .T. ) ;
#2116 = VECTOR ( 'NONE', #1139, 1000.000000000000000 ) ;
#2117 = LINE ( 'NONE', #660, #2641 ) ;
#2118 = DIRECTION ( 'NONE',  ( -1.000000000000000000, 0.0000000000000000000, -0.0000000000000000000 ) ) ;
#2119 = DIRECTION ( 'NONE',  ( 1.000000000000000000, 0.0000000000000000000, -0.0000000000000000000 ) ) ;
#2120 = EDGE_CURVE ( 'NONE', #2588, #1812, #2473, .T. ) ;
#2121 = AXIS2_PLACEMENT_3D ( 'NONE', #869, #411, #1367 ) ;
#2122 = CARTESIAN_POINT ( 'NONE',  ( 1.035000000000000100, 3.734998761554723800, -0.1000043257571160600 ) ) ;
#2123 = DIRECTION ( 'NONE',  ( 0.0000000000000000000, 1.000000000000000000, 0.0000000000000000000 ) ) ;
#2124 = VERTEX_POINT ( 'NONE', #899 ) ;
#2125 = DIRECTION ( 'NONE',  ( 0.0000000000000000000, 0.0000000000000000000, -1.000000000000000000 ) ) ;
#2126 = ORIENTED_EDGE ( 'NONE', *, *, #2394, .F. ) ;
#2127 = DIRECTION ( 'NONE',  ( 0.0000000000000000000, 1.000000000000000000, 0.0000000000000000000 ) ) ;
#2128 = VECTOR ( 'NONE', #1565, 1000.000000000000000 ) ;
#2129 = DIRECTION ( 'NONE',  ( 0.0000000000000000000, 0.0000000000000000000, 1.000000000000000000 ) ) ;
#2130 = VERTEX_POINT ( 'NONE', #1844 ) ;
#2131 = ORIENTED_EDGE ( 'NONE', *, *, #2890, .F. ) ;
#2132 = PLANE ( 'NONE',  #2141 ) ;
#2133 = SURFACE_SIDE_STYLE ('',( #2210 ) ) ;
#2134 = EDGE_CURVE ( 'NONE', #629, #1620, #626, .T. ) ;
#2135 = ORIENTED_EDGE ( 'NONE', *, *, #2326, .T. ) ;
#2136 = CYLINDRICAL_SURFACE ( 'NONE', #2502, 0.1000000000000000100 ) ;
#2137 = FILL_AREA_STYLE_COLOUR ( '', #621 ) ;
#2138 = CARTESIAN_POINT ( 'NONE',  ( -1.129999999999999700, 3.934998761554723900, -3.000004325757116100 ) ) ;
#2139 = AXIS2_PLACEMENT_3D ( 'NONE', #1463, #286, #2603 ) ;
#2140 = CARTESIAN_POINT ( 'NONE',  ( 1.129999999999999700, 3.934998761554723900, -3.000004325757116100 ) ) ;
#2141 = AXIS2_PLACEMENT_3D ( 'NONE', #967, #706, #949 ) ;
#2142 = ORIENTED_EDGE ( 'NONE', *, *, #603, .F. ) ;
#2143 = CYLINDRICAL_SURFACE ( 'NONE', #1333, 0.2000000000000000900 ) ;
#2144 = LINE ( 'NONE', #2562, #1671 ) ;
#2145 = EDGE_CURVE ( 'NONE', #2710, #1257, #1169, .T. ) ;
#2146 = VECTOR ( 'NONE', #1647, 1000.000000000000000 ) ;
#2147 = VECTOR ( 'NONE', #1460, 1000.000000000000000 ) ;
#2148 = ORIENTED_EDGE ( 'NONE', *, *, #2367, .T. ) ;
#2149 = CARTESIAN_POINT ( 'NONE',  ( -0.9350000000000000500, -3.934998761554723900, -4.325757116223349900E-006 ) ) ;
#2150 = DIRECTION ( 'NONE',  ( 0.0000000000000000000, 1.000000000000000000, 0.0000000000000000000 ) ) ;
#2151 = DIRECTION ( 'NONE',  ( 0.0000000000000000000, -1.000000000000000000, 0.0000000000000000000 ) ) ;
#2152 = CARTESIAN_POINT ( 'NONE',  ( -1.605000000000000000, -3.734998761554723800, -4.325757116211104400E-006 ) ) ;
#2153 = MECHANICAL_DESIGN_GEOMETRIC_PRESENTATION_REPRESENTATION (  '', ( #699 ), #2312 ) ;
#2154 = ORIENTED_EDGE ( 'NONE', *, *, #1940, .T. ) ;
#2155 = DIRECTION ( 'NONE',  ( 1.000000000000000000, -0.0000000000000000000, -0.0000000000000000000 ) ) ;
#2156 = DIRECTION ( 'NONE',  ( 0.0000000000000000000, 0.0000000000000000000, -1.000000000000000000 ) ) ;
#2157 = EDGE_CURVE ( 'NONE', #1411, #926, #2921, .T. ) ;
#2158 = LINE ( 'NONE', #2676, #561 ) ;
#2159 = AXIS2_PLACEMENT_3D ( 'NONE', #1928, #2400, #2622 ) ;
#2160 = CARTESIAN_POINT ( 'NONE',  ( -2.389999999999999700, -3.200000000000000200, 1.850000000000000100 ) ) ;
#2161 = DIRECTION ( 'NONE',  ( -0.0000000000000000000, 1.000000000000000000, 0.0000000000000000000 ) ) ;
#2162 = ORIENTED_EDGE ( 'NONE', *, *, #2239, .T. ) ;
#2163 = ADVANCED_FACE ( 'NONE', ( #545 ), #2985, .F. ) ;
#2164 = ORIENTED_EDGE ( 'NONE', *, *, #685, .F. ) ;
#2165 = ORIENTED_EDGE ( 'NONE', *, *, #1794, .F. ) ;
#2166 = ORIENTED_EDGE ( 'NONE', *, *, #842, .F. ) ;
#2167 = MANIFOLD_SOLID_BREP ( 'ｶｯﾄ - 押し出し5[1]', #425 ) ;
#2168 = VERTEX_POINT ( 'NONE', #449 ) ;
#2169 = EDGE_LOOP ( 'NONE', ( #1686, #2166, #191, #2099 ) ) ;
#2170 = CARTESIAN_POINT ( 'NONE',  ( 1.605000000000000000, 3.934998761554723900, -0.1000043257571162200 ) ) ;
#2171 = FACE_OUTER_BOUND ( 'NONE', #1675, .T. ) ;
#2172 = DIRECTION ( 'NONE',  ( -0.0000000000000000000, -1.000000000000000000, -0.0000000000000000000 ) ) ;
#2173 = EDGE_CURVE ( 'NONE', #1221, #2376, #1449, .T. ) ;
#2174 = CARTESIAN_POINT ( 'NONE',  ( -0.8050000000000001600, -3.734998761554723800, 0.09999567424288377500 ) ) ;
#2175 = LINE ( 'NONE', #620, #1548 ) ;
#2176 = VECTOR ( 'NONE', #2891, 1000.000000000000000 ) ;
#2177 = CARTESIAN_POINT ( 'NONE',  ( -0.8050000000000001600, 3.734998761554723800, 0.09999567424288377500 ) ) ;
#2178 = ORIENTED_EDGE ( 'NONE', *, *, #1444, .F. ) ;
#2179 = FACE_OUTER_BOUND ( 'NONE', #2649, .T. ) ;
#2180 = CARTESIAN_POINT ( 'NONE',  ( 1.035000000000000100, -3.734998761554723800, -0.1000043257571160600 ) ) ;
#2181 = VERTEX_POINT ( 'NONE', #187 ) ;
#2182 = FACE_OUTER_BOUND ( 'NONE', #929, .T. ) ;
#2183 = PLANE ( 'NONE',  #542 ) ;
#2184 = VECTOR ( 'NONE', #1336, 1000.000000000000200 ) ;
#2185 = FACE_OUTER_BOUND ( 'NONE', #2653, .T. ) ;
#2186 = DIRECTION ( 'NONE',  ( -0.0000000000000000000, 1.000000000000000000, -0.0000000000000000000 ) ) ;
#2187 = LINE ( 'NONE', #1959, #31 ) ;
#2188 = DIRECTION ( 'NONE',  ( 0.0000000000000000000, 0.0000000000000000000, -1.000000000000000000 ) ) ;
#2189 = ORIENTED_EDGE ( 'NONE', *, *, #2157, .T. ) ;
#2190 = EDGE_CURVE ( 'NONE', #2942, #465, #1055, .T. ) ;
#2191 = CARTESIAN_POINT ( 'NONE',  ( 0.9350000000000000500, 3.934998761554723900, -0.1000043257571162200 ) ) ;
#2192 = AXIS2_PLACEMENT_3D ( 'NONE', #601, #2034, #628 ) ;
#2193 = VERTEX_POINT ( 'NONE', #2122 ) ;
#2194 = ORIENTED_EDGE ( 'NONE', *, *, #2995, .F. ) ;
#2195 = ADVANCED_FACE ( 'NONE', ( #1594 ), #736, .F. ) ;
#2196 = CARTESIAN_POINT ( 'NONE',  ( -0.7050000000000000700, 3.934998761554723900, 0.09999567424288381700 ) ) ;
#2197 = VECTOR ( 'NONE', #2877, 1000.000000000000000 ) ;
#2198 = PLANE ( 'NONE',  #2331 ) ;
#2199 = ORIENTED_EDGE ( 'NONE', *, *, #2001, .T. ) ;
#2200 = ORIENTED_EDGE ( 'NONE', *, *, #2968, .F. ) ;
#2201 = CARTESIAN_POINT ( 'NONE',  ( -0.7050000000000000700, 3.634998761554724100, 1.799995674242883300 ) ) ;
#2202 = DIRECTION ( 'NONE',  ( 0.0000000000000000000, 0.0000000000000000000, 1.000000000000000000 ) ) ;
#2203 = ORIENTED_EDGE ( 'NONE', *, *, #1444, .T. ) ;
#2204 = ORIENTED_EDGE ( 'NONE', *, *, #2820, .T. ) ;
#2205 = FACE_OUTER_BOUND ( 'NONE', #1190, .T. ) ;
#2206 = DIRECTION ( 'NONE',  ( 1.000000000000000000, 0.0000000000000000000, -0.0000000000000000000 ) ) ;
#2207 = DIRECTION ( 'NONE',  ( 0.0000000000000000000, -1.000000000000000000, 0.0000000000000000000 ) ) ;
#2208 = AXIS2_PLACEMENT_3D ( 'NONE', #159, #2225, #1063 ) ;
#2209 = ADVANCED_FACE ( 'NONE', ( #281 ), #2132, .F. ) ;
#2210 = SURFACE_STYLE_FILL_AREA ( #1424 ) ;
#2211 = PLANE ( 'NONE',  #829 ) ;
#2212 = CARTESIAN_POINT ( 'NONE',  ( 0.7050000000000000700, -3.734998761554724200, 1.799995674242883800 ) ) ;
#2213 = EDGE_LOOP ( 'NONE', ( #2623, #1570, #2384, #1619, #948, #372, #1851, #1209, #428, #1603, #1430, #334, #11 ) ) ;
#2214 = FACE_OUTER_BOUND ( 'NONE', #1813, .T. ) ;
#2215 = STYLED_ITEM ( 'NONE', ( #1526 ), #1720 ) ;
#2216 = LINE ( 'NONE', #2322, #976 ) ;
#2217 = LINE ( 'NONE', #2763, #1559 ) ;
#2218 = EDGE_CURVE ( 'NONE', #1768, #1257, #356, .T. ) ;
#2219 = LINE ( 'NONE', #579, #2260 ) ;
#2220 = AXIS2_PLACEMENT_3D ( 'NONE', #1948, #1218, #2846 ) ;
#2221 = ORIENTED_EDGE ( 'NONE', *, *, #1391, .T. ) ;
#2222 = DIRECTION ( 'NONE',  ( 0.0000000000000000000, -6.672013369141566200E-016, -1.000000000000000000 ) ) ;
#2223 = DIRECTION ( 'NONE',  ( -0.8847946768411174600, 0.0000000000000000000, 0.4659810938585626800 ) ) ;
#2224 = DIRECTION ( 'NONE',  ( 0.0000000000000000000, 1.000000000000000000, 0.0000000000000000000 ) ) ;
#2225 = DIRECTION ( 'NONE',  ( 0.0000000000000000000, 0.0000000000000000000, 1.000000000000000000 ) ) ;
#2226 = EDGE_CURVE ( 'NONE', #1215, #1571, #2144, .T. ) ;
#2227 = ORIENTED_EDGE ( 'NONE', *, *, #2859, .F. ) ;
#2228 = AXIS2_PLACEMENT_3D ( 'NONE', #1907, #271, #506 ) ;
#2229 = DIRECTION ( 'NONE',  ( 0.0000000000000000000, 0.0000000000000000000, -1.000000000000000000 ) ) ;
#2230 = DIRECTION ( 'NONE',  ( 0.0000000000000000000, 0.0000000000000000000, 1.000000000000000000 ) ) ;
#2231 = VECTOR ( 'NONE', #2935, 1000.000000000000000 ) ;
#2232 = CARTESIAN_POINT ( 'NONE',  ( 2.390000000000000600, -3.200000000000000200, 1.850000000000000100 ) ) ;
#2233 = ORIENTED_EDGE ( 'NONE', *, *, #69, .T. ) ;
#2234 = AXIS2_PLACEMENT_3D ( 'NONE', #862, #830, #2673 ) ;
#2235 = VERTEX_POINT ( 'NONE', #1396 ) ;
#2236 = ORIENTED_EDGE ( 'NONE', *, *, #939, .T. ) ;
#2237 = DIRECTION ( 'NONE',  ( -0.0000000000000000000, -0.0000000000000000000, 1.000000000000000000 ) ) ;
#2238 = VERTEX_POINT ( 'NONE', #1210 ) ;
#2239 = EDGE_CURVE ( 'NONE', #465, #1615, #877, .T. ) ;
#2240 = CIRCLE ( 'NONE', #1412, 0.1000000000000000100 ) ;
#2241 = CARTESIAN_POINT ( 'NONE',  ( -0.7050000000000000700, 3.934998761554723900, 1.799995674242883800 ) ) ;
#2242 =( LENGTH_UNIT ( ) NAMED_UNIT ( * ) SI_UNIT ( .MILLI., .METRE. ) );
#2243 = APPLICATION_PROTOCOL_DEFINITION ( 'draft international standard', 'automotive_design', 1998, #1567 ) ;
#2244 = DIRECTION ( 'NONE',  ( 0.0000000000000000000, 0.0000000000000000000, 1.000000000000000000 ) ) ;
#2245 = LINE ( 'NONE', #1771, #392 ) ;
#2246 = EDGE_CURVE ( 'NONE', #1768, #344, #2216, .T. ) ;
#2247 = CARTESIAN_POINT ( 'NONE',  ( -0.7050000000000000700, -3.734998761554724200, 1.999995674242883700 ) ) ;
#2248 = ORIENTED_EDGE ( 'NONE', *, *, #75, .F. ) ;
#2249 = DIRECTION ( 'NONE',  ( 0.0000000000000000000, 0.0000000000000000000, 1.000000000000000000 ) ) ;
#2250 = AXIS2_PLACEMENT_3D ( 'NONE', #1579, #189, #2060 ) ;
#2251 = VECTOR ( 'NONE', #2766, 1000.000000000000100 ) ;
#2252 = ORIENTED_EDGE ( 'NONE', *, *, #1125, .T. ) ;
#2253 = CIRCLE ( 'NONE', #566, 0.2000000000000000900 ) ;
#2254 = CARTESIAN_POINT ( 'NONE',  ( 1.505000000000000100, 3.934998761554723900, -0.1000043257571162200 ) ) ;
#2255 = LINE ( 'NONE', #2029, #512 ) ;
#2256 = VECTOR ( 'NONE', #888, 1000.000000000000000 ) ;
#2257 = ADVANCED_FACE ( 'NONE', ( #1655 ), #29, .F. ) ;
#2258 = CARTESIAN_POINT ( 'NONE',  ( 1.505000000000000100, 3.934998761554723900, 0.0000000000000000000 ) ) ;
#2259 = DIRECTION ( 'NONE',  ( 0.0000000000000000000, 0.0000000000000000000, 1.000000000000000000 ) ) ;
#2260 = VECTOR ( 'NONE', #1060, 1000.000000000000000 ) ;
#2261 = AXIS2_PLACEMENT_3D ( 'NONE', #1682, #1261, #1024 ) ;
#2262 = MANIFOLD_SOLID_BREP ( 'ｶｯﾄ - 押し出し7[1]', #2750 ) ;
#2263 = CARTESIAN_POINT ( 'NONE',  ( 2.103048641745470300, -2.913048641745470000, 0.5000000000000000000 ) ) ;
#2264 = PRODUCT_CONTEXT ( 'NONE', #2937, 'mechanical' ) ;
#2265 = EDGE_CURVE ( 'NONE', #2124, #2677, #1593, .T. ) ;
#2266 = DIRECTION ( 'NONE',  ( 1.000000000000000000, -0.0000000000000000000, -0.0000000000000000000 ) ) ;
#2267 = ORIENTED_EDGE ( 'NONE', *, *, #1487, .F. ) ;
#2268 = EDGE_CURVE ( 'NONE', #2636, #2379, #906, .T. ) ;
#2269 = DIRECTION ( 'NONE',  ( -0.0000000000000000000, -1.000000000000000000, -0.0000000000000000000 ) ) ;
#2270 = ADVANCED_FACE ( 'NONE', ( #2214 ), #938, .T. ) ;
#2271 = VECTOR ( 'NONE', #1036, 1000.000000000000000 ) ;
#2272 = AXIS2_PLACEMENT_3D ( 'NONE', #2529, #175, #674 ) ;
#2273 = DIRECTION ( 'NONE',  ( 1.000000000000000000, 0.0000000000000000000, 0.0000000000000000000 ) ) ;
#2274 = VERTEX_POINT ( 'NONE', #1896 ) ;
#2275 = ORIENTED_EDGE ( 'NONE', *, *, #919, .T. ) ;
#2276 = EDGE_LOOP ( 'NONE', ( #779, #1922, #911, #2058 ) ) ;
#2277 = DIRECTION ( 'NONE',  ( 0.0000000000000000000, -1.000000000000000000, -0.0000000000000000000 ) ) ;
#2278 = CARTESIAN_POINT ( 'NONE',  ( 1.035000000000000100, 3.934998761554723900, -2.800004325757116300 ) ) ;
#2279 = ORIENTED_EDGE ( 'NONE', *, *, #311, .F. ) ;
#2280 = VERTEX_POINT ( 'NONE', #1408 ) ;
#2281 = DIRECTION ( 'NONE',  ( -0.0000000000000000000, 1.000000000000000000, -0.0000000000000000000 ) ) ;
#2282 = AXIS2_PLACEMENT_3D ( 'NONE', #1204, #1661, #2351 ) ;
#2283 = EDGE_LOOP ( 'NONE', ( #2440, #2154, #782, #2914, #536, #2340, #268, #1330, #498, #602, #636, #164, #1613 ) ) ;
#2284 = DIRECTION ( 'NONE',  ( 0.0000000000000000000, -1.000000000000000000, 0.0000000000000000000 ) ) ;
#2285 = CIRCLE ( 'NONE', #2228, 0.2000000000000000900 ) ;
#2286 = EDGE_CURVE ( 'NONE', #82, #2064, #1521, .T. ) ;
#2287 = DIRECTION ( 'NONE',  ( 1.000000000000000000, 0.0000000000000000000, 0.0000000000000000000 ) ) ;
#2288 = EDGE_CURVE ( 'NONE', #46, #82, #2951, .T. ) ;
#2289 = FACE_OUTER_BOUND ( 'NONE', #677, .T. ) ;
#2290 = LINE ( 'NONE', #2511, #1664 ) ;
#2291 = VERTEX_POINT ( 'NONE', #1198 ) ;
#2292 = LINE ( 'NONE', #217, #696 ) ;
#2293 = VECTOR ( 'NONE', #456, 1000.000000000000000 ) ;
#2294 = AXIS2_PLACEMENT_3D ( 'NONE', #2583, #1433, #1189 ) ;
#2295 = CYLINDRICAL_SURFACE ( 'NONE', #125, 0.1000000000000000100 ) ;
#2296 = DIRECTION ( 'NONE',  ( 1.000000000000000000, 0.0000000000000000000, 0.0000000000000000000 ) ) ;
#2297 = AXIS2_PLACEMENT_3D ( 'NONE', #2306, #2281, #1163 ) ;
#2298 = CARTESIAN_POINT ( 'NONE',  ( 0.0000000000000000000, 3.934998761554723900, -4.325757116223349900E-006 ) ) ;
#2299 = CARTESIAN_POINT ( 'NONE',  ( -0.2315891255831992500, -1.851434140000000100, 3.100000000000000500 ) ) ;
#2300 = EDGE_CURVE ( 'NONE', #2694, #1732, #1059, .T. ) ;
#2301 = CARTESIAN_POINT ( 'NONE',  ( -0.7050000000000000700, -3.734998761554723800, 1.699995674242883700 ) ) ;
#2302 = CARTESIAN_POINT ( 'NONE',  ( -1.035000000000000100, 3.734998761554723800, -0.1000043257571162200 ) ) ;
#2303 = VERTEX_POINT ( 'NONE', #2149 ) ;
#2304 = CARTESIAN_POINT ( 'NONE',  ( 1.035000000000000100, -3.734998761554723800, -2.800004325757116300 ) ) ;
#2305 = VECTOR ( 'NONE', #2390, 999.9999999999998900 ) ;
#2306 = CARTESIAN_POINT ( 'NONE',  ( -0.8050000000000001600, 3.934998761554723900, 0.09999567424288377500 ) ) ;
#2307 = ORIENTED_EDGE ( 'NONE', *, *, #1769, .F. ) ;
#2308 = DIRECTION ( 'NONE',  ( 1.000000000000000000, -0.0000000000000000000, -0.0000000000000000000 ) ) ;
#2309 = VERTEX_POINT ( 'NONE', #53 ) ;
#2310 = ORIENTED_EDGE ( 'NONE', *, *, #2393, .F. ) ;
#2311 = ORIENTED_EDGE ( 'NONE', *, *, #708, .T. ) ;
#2312 =( GEOMETRIC_REPRESENTATION_CONTEXT ( 3 ) GLOBAL_UNCERTAINTY_ASSIGNED_CONTEXT ( ( #1587 ) ) GLOBAL_UNIT_ASSIGNED_CONTEXT ( ( #1332, #2888, #1146 ) ) REPRESENTATION_CONTEXT ( 'NONE', 'WORKASPACE' ) );
#2313 = DIRECTION ( 'NONE',  ( 0.0000000000000000000, 1.000000000000000000, 0.0000000000000000000 ) ) ;
#2314 = ORIENTED_EDGE ( 'NONE', *, *, #2907, .F. ) ;
#2315 = ORIENTED_EDGE ( 'NONE', *, *, #1125, .F. ) ;
#2316 = EDGE_CURVE ( 'NONE', #964, #719, #2739, .T. ) ;
#2317 = CARTESIAN_POINT ( 'NONE',  ( 1.035000000000000100, -3.934998761554723900, -2.800004325757116300 ) ) ;
#2318 = PRODUCT_DEFINITION ( 'UNKNOWN', '', #2578, #139 ) ;
#2319 = DIRECTION ( 'NONE',  ( 0.0000000000000000000, 0.0000000000000000000, 1.000000000000000000 ) ) ;
#2320 = VECTOR ( 'NONE', #1773, 1000.000000000000000 ) ;
#2321 = ORIENTED_EDGE ( 'NONE', *, *, #1872, .F. ) ;
#2322 = CARTESIAN_POINT ( 'NONE',  ( -1.705000000000000100, -3.734998761554723800, -3.000004325757116100 ) ) ;
#2323 = VERTEX_POINT ( 'NONE', #2850 ) ;
#2324 = COLOUR_RGB ( '',0.6274509803921568500, 0.6274509803921568500, 0.6274509803921568500 ) ;
#2325 = DIRECTION ( 'NONE',  ( 0.0000000000000000000, 1.000000000000000000, 6.672013369141566200E-016 ) ) ;
#2326 = EDGE_CURVE ( 'NONE', #2193, #2553, #1751, .T. ) ;
#2327 = LINE ( 'NONE', #1557, #1203 ) ;
#2328 = EDGE_CURVE ( 'NONE', #1404, #256, #515, .T. ) ;
#2329 = FACE_OUTER_BOUND ( 'NONE', #2699, .T. ) ;
#2330 = CARTESIAN_POINT ( 'NONE',  ( -1.035000000000000100, 3.934998761554723900, -2.800004325757116300 ) ) ;
#2331 = AXIS2_PLACEMENT_3D ( 'NONE', #790, #86, #1954 ) ;
#2332 = SURFACE_STYLE_USAGE ( .BOTH. , #2783 ) ;
#2333 = DIRECTION ( 'NONE',  ( 0.0000000000000000000, 0.0000000000000000000, -1.000000000000000000 ) ) ;
#2334 = CARTESIAN_POINT ( 'NONE',  ( -0.7050000000000000700, 3.734998761554723800, 0.09999567424288360900 ) ) ;
#2335 = ORIENTED_EDGE ( 'NONE', *, *, #2744, .T. ) ;
#2336 = LINE ( 'NONE', #153, #158 ) ;
#2337 =( NAMED_UNIT ( * ) SI_UNIT ( $, .STERADIAN. ) SOLID_ANGLE_UNIT ( ) );
#2338 = EDGE_CURVE ( 'NONE', #37, #704, #2806, .T. ) ;
#2339 =( LENGTH_UNIT ( ) NAMED_UNIT ( * ) SI_UNIT ( .MILLI., .METRE. ) );
#2340 = ORIENTED_EDGE ( 'NONE', *, *, #2593, .T. ) ;
#2341 = CARTESIAN_POINT ( 'NONE',  ( -2.103048641745469500, 2.913048641745470000, 0.5000000000000000000 ) ) ;
#2342 = ORIENTED_EDGE ( 'NONE', *, *, #2897, .T. ) ;
#2343 = EDGE_CURVE ( 'NONE', #2825, #2291, #2354, .T. ) ;
#2344 = VERTEX_POINT ( 'NONE', #525 ) ;
#2345 = ORIENTED_EDGE ( 'NONE', *, *, #84, .T. ) ;
#2346 = PLANE ( 'NONE',  #24 ) ;
#2347 = LINE ( 'NONE', #1793, #1513 ) ;
#2348 = CARTESIAN_POINT ( 'NONE',  ( 0.9350000000000000500, -3.734998761554723800, -0.1000043257571162200 ) ) ;
#2349 = DIRECTION ( 'NONE',  ( 0.0000000000000000000, -1.000000000000000000, 0.0000000000000000000 ) ) ;
#2350 = DIRECTION ( 'NONE',  ( 1.000000000000000000, 0.0000000000000000000, 0.0000000000000000000 ) ) ;
#2351 = DIRECTION ( 'NONE',  ( 0.0000000000000000000, -0.0000000000000000000, 1.000000000000000000 ) ) ;
#2352 = UNCERTAINTY_MEASURE_WITH_UNIT (LENGTH_MEASURE( 1.000000000000000100E-005 ), #290, 'distance_accuracy_value', 'NONE');
#2353 = LINE ( 'NONE', #2002, #1742 ) ;
#2354 = LINE ( 'NONE', #752, #138 ) ;
#2355 = ORIENTED_EDGE ( 'NONE', *, *, #2584, .T. ) ;
#2356 = FACE_OUTER_BOUND ( 'NONE', #1520, .T. ) ;
#2357 = LINE ( 'NONE', #2104, #180 ) ;
#2358 = VECTOR ( 'NONE', #251, 1000.000000000000000 ) ;
#2359 = DIRECTION ( 'NONE',  ( -0.4290568145682860400, 0.0000000000000000000, -0.9032775043542906600 ) ) ;
#2360 = LINE ( 'NONE', #777, #1754 ) ;
#2361 = CARTESIAN_POINT ( 'NONE',  ( 1.705000000000000100, -3.634998761554724100, 1.799995674242883300 ) ) ;
#2362 = AXIS2_PLACEMENT_3D ( 'NONE', #330, #1952, #1278 ) ;
#2363 = ORIENTED_EDGE ( 'NONE', *, *, #1165, .F. ) ;
#2364 = EDGE_CURVE ( 'NONE', #1854, #210, #1669, .T. ) ;
#2365 = CARTESIAN_POINT ( 'NONE',  ( 0.0000000000000000000, 3.934998761554723900, -4.325757116223349900E-006 ) ) ;
#2366 = CARTESIAN_POINT ( 'NONE',  ( -1.035000000000000100, -3.934998761554723900, -2.800004325757116300 ) ) ;
#2367 = EDGE_CURVE ( 'NONE', #1338, #1221, #1596, .T. ) ;
#2368 = AXIS2_PLACEMENT_3D ( 'NONE', #1308, #593, #1753 ) ;
#2369 = ORIENTED_EDGE ( 'NONE', *, *, #2268, .T. ) ;
#2370 = LINE ( 'NONE', #646, #390 ) ;
#2371 = VERTEX_POINT ( 'NONE', #1483 ) ;
#2372 = CARTESIAN_POINT ( 'NONE',  ( -1.400976387591222400, 3.934998761554723900, -3.000004325757116100 ) ) ;
#2373 = PLANE ( 'NONE',  #1095 ) ;
#2374 = EDGE_CURVE ( 'NONE', #1703, #667, #359, .T. ) ;
#2375 = ORIENTED_EDGE ( 'NONE', *, *, #658, .T. ) ;
#2376 = VERTEX_POINT ( 'NONE', #978 ) ;
#2377 = ORIENTED_EDGE ( 'NONE', *, *, #806, .F. ) ;
#2378 = ORIENTED_EDGE ( 'NONE', *, *, #1967, .F. ) ;
#2379 = VERTEX_POINT ( 'NONE', #2180 ) ;
#2380 = PRESENTATION_LAYER_ASSIGNMENT (  '', '', ( #2731 ) ) ;
#2381 = PRESENTATION_STYLE_ASSIGNMENT (( #753 ) ) ;
#2382 = CARTESIAN_POINT ( 'NONE',  ( 0.7050000000000000700, 3.934998761554723900, 1.799995674242883800 ) ) ;
#2383 = FACE_OUTER_BOUND ( 'NONE', #301, .T. ) ;
#2384 = ORIENTED_EDGE ( 'NONE', *, *, #2711, .T. ) ;
#2385 = CIRCLE ( 'NONE', #1289, 0.2000000000000000900 ) ;
#2386 = CARTESIAN_POINT ( 'NONE',  ( -1.505000000000000100, 3.934998761554723900, -2.801957100939561400 ) ) ;
#2387 = EDGE_CURVE ( 'NONE', #228, #494, #2536, .T. ) ;
#2388 = ORIENTED_EDGE ( 'NONE', *, *, #1165, .T. ) ;
#2389 = LINE ( 'NONE', #655, #1630 ) ;
#2390 = DIRECTION ( 'NONE',  ( -0.2035585949527793400, 0.2035585949527793400, -0.9576678948579725500 ) ) ;
#2391 = VECTOR ( 'NONE', #2284, 1000.000000000000000 ) ;
#2392 = VECTOR ( 'NONE', #2, 1000.000000000000000 ) ;
#2393 = EDGE_CURVE ( 'NONE', #2013, #454, #2810, .T. ) ;
#2394 = EDGE_CURVE ( 'NONE', #2238, #258, #277, .T. ) ;
#2395 = VERTEX_POINT ( 'NONE', #1943 ) ;
#2396 = CARTESIAN_POINT ( 'NONE',  ( -0.7050000000000000700, -3.084998761554723900, 1.999995674242884200 ) ) ;
#2397 = CARTESIAN_POINT ( 'NONE',  ( -0.7050000000000000700, 3.734998761554723800, -3.000004325757116100 ) ) ;
#2398 = AXIS2_PLACEMENT_3D ( 'NONE', #1074, #127, #835 ) ;
#2399 = DIRECTION ( 'NONE',  ( -1.000000000000000000, -0.0000000000000000000, -0.0000000000000000000 ) ) ;
#2400 = DIRECTION ( 'NONE',  ( 0.0000000000000000000, 0.0000000000000000000, 1.000000000000000000 ) ) ;
#2401 = ADVANCED_FACE ( 'NONE', ( #1976 ), #772, .F. ) ;
#2402 = CARTESIAN_POINT ( 'NONE',  ( -1.705000000000000100, 3.734998761554723800, 0.09999567424288403900 ) ) ;
#2403 = CARTESIAN_POINT ( 'NONE',  ( -0.7050000000000000700, 3.634998761554724100, 1.799995674242883500 ) ) ;
#2404 = VERTEX_POINT ( 'NONE', #1243 ) ;
#2405 = VECTOR ( 'NONE', #1346, 1000.000000000000000 ) ;
#2406 = AXIS2_PLACEMENT_3D ( 'NONE', #416, #1354, #1806 ) ;
#2407 = DIRECTION ( 'NONE',  ( 1.000000000000000000, 0.0000000000000000000, 0.0000000000000000000 ) ) ;
#2408 = DIRECTION ( 'NONE',  ( -0.0000000000000000000, -6.672013369141566200E-016, -1.000000000000000000 ) ) ;
#2409 = CARTESIAN_POINT ( 'NONE',  ( -1.705000000000000100, 3.084998761554723900, 1.799995674242883500 ) ) ;
#2410 = SURFACE_STYLE_FILL_AREA ( #1741 ) ;
#2411 = ORIENTED_EDGE ( 'NONE', *, *, #1427, .T. ) ;
#2412 = ORIENTED_EDGE ( 'NONE', *, *, #2498, .F. ) ;
#2413 = ORIENTED_EDGE ( 'NONE', *, *, #234, .F. ) ;
#2414 = ORIENTED_EDGE ( 'NONE', *, *, #2954, .F. ) ;
#2415 = DIRECTION ( 'NONE',  ( 0.2079116908177597900, 0.0000000000000000000, -0.9781476007338055800 ) ) ;
#2416 = EDGE_CURVE ( 'NONE', #2452, #833, #2666, .T. ) ;
#2417 = DIRECTION ( 'NONE',  ( -1.000000000000000000, -0.0000000000000000000, 0.0000000000000000000 ) ) ;
#2418 = DIRECTION ( 'NONE',  ( 0.0000000000000000000, 0.0000000000000000000, 1.000000000000000000 ) ) ;
#2419 = DIRECTION ( 'NONE',  ( -0.0000000000000000000, -1.000000000000000000, -0.0000000000000000000 ) ) ;
#2420 = STYLED_ITEM ( 'NONE', ( #874 ), #1623 ) ;
#2421 = CIRCLE ( 'NONE', #1602, 0.09999999999999961700 ) ;
#2422 = ORIENTED_EDGE ( 'NONE', *, *, #2265, .F. ) ;
#2423 = CARTESIAN_POINT ( 'NONE',  ( -2.103048641745469500, -3.200000000000000200, 3.200000000000000200 ) ) ;
#2424 = ORIENTED_EDGE ( 'NONE', *, *, #1757, .F. ) ;
#2425 = CYLINDRICAL_SURFACE ( 'NONE', #547, 0.1000000000000000100 ) ;
#2426 = DIRECTION ( 'NONE',  ( 0.0000000000000000000, 0.0000000000000000000, 1.000000000000000000 ) ) ;
#2427 = LINE ( 'NONE', #1393, #2049 ) ;
#2428 = VECTOR ( 'NONE', #2560, 1000.000000000000000 ) ;
#2429 = CARTESIAN_POINT ( 'NONE',  ( -1.705000000000000100, 3.084998761554723900, 1.999995674242884200 ) ) ;
#2430 = CARTESIAN_POINT ( 'NONE',  ( -1.705000000000000100, -3.734998761554724200, 1.799995674242883800 ) ) ;
#2431 = VECTOR ( 'NONE', #592, 1000.000000000000000 ) ;
#2432 = ADVANCED_FACE ( 'NONE', ( #1525 ), #2078, .F. ) ;
#2433 = FILL_AREA_STYLE_COLOUR ( '', #991 ) ;
#2434 = ORIENTED_EDGE ( 'NONE', *, *, #2328, .T. ) ;
#2435 = EDGE_CURVE ( 'NONE', #1215, #2556, #973, .T. ) ;
#2436 = EDGE_LOOP ( 'NONE', ( #2199, #2952, #2267, #2659 ) ) ;
#2437 = DIRECTION ( 'NONE',  ( -0.2035585949527793400, -0.2035585949527793400, 0.9576678948579725500 ) ) ;
#2438 =( GEOMETRIC_REPRESENTATION_CONTEXT ( 3 ) GLOBAL_UNCERTAINTY_ASSIGNED_CONTEXT ( ( #2352 ) ) GLOBAL_UNIT_ASSIGNED_CONTEXT ( ( #290, #1211, #2337 ) ) REPRESENTATION_CONTEXT ( 'NONE', 'WORKASPACE' ) );
#2439 = DIRECTION ( 'NONE',  ( 0.0000000000000000000, 0.0000000000000000000, -1.000000000000000000 ) ) ;
#2440 = ORIENTED_EDGE ( 'NONE', *, *, #1487, .T. ) ;
#2441 = AXIS2_PLACEMENT_3D ( 'NONE', #513, #2799, #2788 ) ;
#2442 = FACE_OUTER_BOUND ( 'NONE', #2770, .T. ) ;
#2443 = ADVANCED_FACE ( 'NONE', ( #2875 ), #355, .F. ) ;
#2444 = EDGE_CURVE ( 'NONE', #210, #121, #1050, .T. ) ;
#2445 = ORIENTED_EDGE ( 'NONE', *, *, #2785, .T. ) ;
#2446 = CARTESIAN_POINT ( 'NONE',  ( -1.250485677200349900, -3.734998761554723800, -3.286518770541191800 ) ) ;
#2447 = CARTESIAN_POINT ( 'NONE',  ( -2.389999999999999700, -2.913048641745470000, 3.200000000000000200 ) ) ;
#2448 = ORIENTED_EDGE ( 'NONE', *, *, #36, .T. ) ;
#2449 = ORIENTED_EDGE ( 'NONE', *, *, #1658, .T. ) ;
#2450 = DIRECTION ( 'NONE',  ( 0.0000000000000000000, 0.0000000000000000000, 1.000000000000000000 ) ) ;
#2451 = VERTEX_POINT ( 'NONE', #1041 ) ;
#2452 = VERTEX_POINT ( 'NONE', #564 ) ;
#2453 = VERTEX_POINT ( 'NONE', #1734 ) ;
#2454 = DIRECTION ( 'NONE',  ( -1.000000000000000000, 0.0000000000000000000, 0.0000000000000000000 ) ) ;
#2455 = ORIENTED_EDGE ( 'NONE', *, *, #2692, .F. ) ;
#2456 = CARTESIAN_POINT ( 'NONE',  ( -1.705000000000000100, -3.084998761554723900, 1.799995674242883500 ) ) ;
#2457 = AXIS2_PLACEMENT_3D ( 'NONE', #2509, #1590, #2287 ) ;
#2458 = PRESENTATION_STYLE_ASSIGNMENT (( #1029 ) ) ;
#2459 = CARTESIAN_POINT ( 'NONE',  ( -1.505000000000000100, -3.734998761554723800, -3.000004325757116100 ) ) ;
#2460 = CARTESIAN_POINT ( 'NONE',  ( -0.7050000000000000700, 3.734998761554724200, 1.799995674242883800 ) ) ;
#2461 = DIRECTION ( 'NONE',  ( 0.0000000000000000000, 0.0000000000000000000, -1.000000000000000000 ) ) ;
#2462 = LINE ( 'NONE', #2241, #2982 ) ;
#2463 = ORIENTED_EDGE ( 'NONE', *, *, #167, .T. ) ;
#2464 = AXIS2_PLACEMENT_3D ( 'NONE', #800, #1019, #1238 ) ;
#2465 = VECTOR ( 'NONE', #611, 1000.000000000000000 ) ;
#2466 = ADVANCED_FACE ( 'NONE', ( #728 ), #661, .F. ) ;
#2467 = CARTESIAN_POINT ( 'NONE',  ( -0.9350000000000000500, 3.934998761554723900, -0.1000043257571162200 ) ) ;
#2468 = CARTESIAN_POINT ( 'NONE',  ( -1.035000000000000100, 3.934998761554723900, -2.800004325757116300 ) ) ;
#2469 = VECTOR ( 'NONE', #1178, 1000.000000000000000 ) ;
#2470 = ORIENTED_EDGE ( 'NONE', *, *, #2880, .F. ) ;
#2471 = VECTOR ( 'NONE', #1143, 1000.000000000000000 ) ;
#2472 = EDGE_CURVE ( 'NONE', #305, #1366, #1353, .T. ) ;
#2473 = CIRCLE ( 'NONE', #1937, 0.7596378981193785400 ) ;
#2474 = PRODUCT_RELATED_PRODUCT_CATEGORY ( 'part', '', ( #2895 ) ) ;
#2475 = ORIENTED_EDGE ( 'NONE', *, *, #1539, .T. ) ;
#2476 = UNCERTAINTY_MEASURE_WITH_UNIT (LENGTH_MEASURE( 1.000000000000000100E-005 ), #1834, 'distance_accuracy_value', 'NONE');
#2477 = DIRECTION ( 'NONE',  ( -0.0000000000000000000, -1.000000000000000000, -0.0000000000000000000 ) ) ;
#2478 = DIRECTION ( 'NONE',  ( 0.0000000000000000000, 0.0000000000000000000, -1.000000000000000000 ) ) ;
#2479 = EDGE_CURVE ( 'NONE', #2919, #2280, #1280, .T. ) ;
#2480 = EDGE_CURVE ( 'NONE', #1778, #855, #2290, .T. ) ;
#2481 = DIRECTION ( 'NONE',  ( -0.4290568145682860400, 0.0000000000000000000, 0.9032775043542906600 ) ) ;
#2482 = ADVANCED_FACE ( 'NONE', ( #1206 ), #463, .T. ) ;
#2483 = ORIENTED_EDGE ( 'NONE', *, *, #670, .T. ) ;
#2484 = SURFACE_SIDE_STYLE ('',( #653 ) ) ;
#2485 = FACE_OUTER_BOUND ( 'NONE', #8, .T. ) ;
#2486 = CARTESIAN_POINT ( 'NONE',  ( -1.705000000000000100, -3.634998761554724100, 1.799995674242883500 ) ) ;
#2487 = CARTESIAN_POINT ( 'NONE',  ( 0.7050000000000000700, -3.084998761554723900, 1.999995674242884200 ) ) ;
#2488 = VECTOR ( 'NONE', #1048, 1000.000000000000000 ) ;
#2489 = PRESENTATION_LAYER_ASSIGNMENT (  '', '', ( #2988 ) ) ;
#2490 = EDGE_LOOP ( 'NONE', ( #2032, #1652, #94, #1117 ) ) ;
#2491 = VERTEX_POINT ( 'NONE', #2526 ) ;
#2492 = CLOSED_SHELL ( 'NONE', ( #1269, #2209, #2716, #2961, #2521, #1980, #446, #2052, #1823, #77, #1286, #347, #397, #1004, #2432, #2747, #1724, #1760, #1107 ) ) ;
#2493 = ORIENTED_EDGE ( 'NONE', *, *, #1925, .F. ) ;
#2494 = VECTOR ( 'NONE', #2083, 1000.000000000000000 ) ;
#2495 = CARTESIAN_POINT ( 'NONE',  ( -2.389999999999999700, -3.200000000000000200, 1.850000000000000100 ) ) ;
#2496 = CARTESIAN_POINT ( 'NONE',  ( 1.705000000000000100, -3.734998761554724200, 1.799995674242883800 ) ) ;
#2497 = COLOUR_RGB ( '',0.6274509803921568500, 0.6274509803921568500, 0.6274509803921568500 ) ;
#2498 = EDGE_CURVE ( 'NONE', #2748, #2376, #1708, .T. ) ;
#2499 = PLANE ( 'NONE',  #1 ) ;
#2500 = VECTOR ( 'NONE', #30, 1000.000000000000000 ) ;
#2501 = EDGE_LOOP ( 'NONE', ( #1729, #415, #170, #348 ) ) ;
#2502 = AXIS2_PLACEMENT_3D ( 'NONE', #1808, #208, #1831 ) ;
#2503 = ORIENTED_EDGE ( 'NONE', *, *, #1859, .F. ) ;
#2504 = CIRCLE ( 'NONE', #2037, 0.09999999999999961700 ) ;
#2505 = FILL_AREA_STYLE ('',( #880 ) ) ;
#2506 = PRESENTATION_STYLE_ASSIGNMENT (( #910 ) ) ;
#2507 = VECTOR ( 'NONE', #1722, 1000.000000000000000 ) ;
#2508 = DIRECTION ( 'NONE',  ( -0.0000000000000000000, 0.0000000000000000000, -1.000000000000000000 ) ) ;
#2509 = CARTESIAN_POINT ( 'NONE',  ( 0.0000000000000000000, 3.934998761554723900, -4.325757116223349900E-006 ) ) ;
#2510 = LINE ( 'NONE', #1167, #1207 ) ;
#2511 = CARTESIAN_POINT ( 'NONE',  ( -0.0000000000000000000, -3.934998761554723900, -4.325757116223349900E-006 ) ) ;
#2512 = ORIENTED_EDGE ( 'NONE', *, *, #283, .F. ) ;
#2513 = PLANE ( 'NONE',  #1911 ) ;
#2514 = PLANE ( 'NONE',  #2646 ) ;
#2515 = EDGE_LOOP ( 'NONE', ( #1110, #1219, #1145, #2035 ) ) ;
#2516 = DIRECTION ( 'NONE',  ( -1.000000000000000000, -0.0000000000000000000, -0.0000000000000000000 ) ) ;
#2517 = FACE_OUTER_BOUND ( 'NONE', #1137, .T. ) ;
#2518 = EDGE_CURVE ( 'NONE', #892, #2193, #1485, .T. ) ;
#2519 = CARTESIAN_POINT ( 'NONE',  ( -1.705000000000000100, -3.934998761554723900, 1.799995674242883800 ) ) ;
#2520 = VERTEX_POINT ( 'NONE', #886 ) ;
#2521 = ADVANCED_FACE ( 'NONE', ( #1103 ), #2840, .T. ) ;
#2522 = FILL_AREA_STYLE ('',( #1607 ) ) ;
#2523 = EDGE_CURVE ( 'NONE', #465, #1849, #1899, .T. ) ;
#2524 = PLANE ( 'NONE',  #1909 ) ;
#2525 = ORIENTED_EDGE ( 'NONE', *, *, #1141, .F. ) ;
#2526 = CARTESIAN_POINT ( 'NONE',  ( -1.605000000000000000, 3.734998761554723800, -4.325757116333559900E-006 ) ) ;
#2527 = ORIENTED_EDGE ( 'NONE', *, *, #2472, .F. ) ;
#2528 = VERTEX_POINT ( 'NONE', #913 ) ;
#2529 = CARTESIAN_POINT ( 'NONE',  ( -0.7050000000000000700, -3.934998761554723900, -3.000004325757116100 ) ) ;
#2530 = LINE ( 'NONE', #1936, #2500 ) ;
#2531 = DIRECTION ( 'NONE',  ( -0.0000000000000000000, -0.0000000000000000000, 1.000000000000000000 ) ) ;
#2532 = EDGE_CURVE ( 'NONE', #2919, #1541, #145, .T. ) ;
#2533 = PRESENTATION_STYLE_ASSIGNMENT (( #747 ) ) ;
#2534 = ORIENTED_EDGE ( 'NONE', *, *, #374, .T. ) ;
#2535 = CARTESIAN_POINT ( 'NONE',  ( 0.9350000000000000500, -3.734998761554723800, -4.325757116223349900E-006 ) ) ;
#2536 = LINE ( 'NONE', #1226, #908 ) ;
#2537 = VECTOR ( 'NONE', #58, 1000.000000000000000 ) ;
#2538 = VECTOR ( 'NONE', #1900, 1000.000000000000000 ) ;
#2539 = ORIENTED_EDGE ( 'NONE', *, *, #1783, .T. ) ;
#2540 = AXIS2_PLACEMENT_3D ( 'NONE', #1160, #489, #2119 ) ;
#2541 = FACE_OUTER_BOUND ( 'NONE', #1997, .T. ) ;
#2542 = STYLED_ITEM ( 'NONE', ( #211 ), #2262 ) ;
#2543 = DIRECTION ( 'NONE',  ( 0.0000000000000000000, 1.000000000000000000, 0.0000000000000000000 ) ) ;
#2544 = DIRECTION ( 'NONE',  ( 0.0000000000000000000, 0.0000000000000000000, -1.000000000000000000 ) ) ;
#2545 = SURFACE_STYLE_USAGE ( .BOTH. , #1639 ) ;
#2546 = EDGE_CURVE ( 'NONE', #784, #532, #2389, .T. ) ;
#2547 = CARTESIAN_POINT ( 'NONE',  ( 1.505000000000000100, -3.734998761554723800, -0.1000043257571162200 ) ) ;
#2548 = EDGE_LOOP ( 'NONE', ( #2983, #2227, #2589, #1471, #2071, #2525, #1030, #2131 ) ) ;
#2549 = VECTOR ( 'NONE', #2266, 1000.000000000000000 ) ;
#2550 = CARTESIAN_POINT ( 'NONE',  ( 1.705000000000000100, -3.084998761554723900, 1.799995674242883500 ) ) ;
#2551 = AXIS2_PLACEMENT_3D ( 'NONE', #1531, #375, #2478 ) ;
#2552 = EDGE_LOOP ( 'NONE', ( #1921, #604, #995, #1368 ) ) ;
#2553 = VERTEX_POINT ( 'NONE', #1136 ) ;
#2554 = VERTEX_POINT ( 'NONE', #2317 ) ;
#2555 = FILL_AREA_STYLE_COLOUR ( '', #1904 ) ;
#2556 = VERTEX_POINT ( 'NONE', #2730 ) ;
#2557 = ORIENTED_EDGE ( 'NONE', *, *, #691, .T. ) ;
#2558 = DIRECTION ( 'NONE',  ( 0.0000000000000000000, 0.0000000000000000000, 1.000000000000000000 ) ) ;
#2559 = STYLED_ITEM ( 'NONE', ( #1197 ), #539 ) ;
#2560 = DIRECTION ( 'NONE',  ( 0.0000000000000000000, 1.000000000000000000, -0.0000000000000000000 ) ) ;
#2561 = CLOSED_SHELL ( 'NONE', ( #412, #2881, #1476, #807, #1993, #132, #1779, #2482, #1710, #1362, #774, #597, #881 ) ) ;
#2562 = CARTESIAN_POINT ( 'NONE',  ( 1.505000000000000100, -3.934998761554723900, 0.0000000000000000000 ) ) ;
#2563 = UNCERTAINTY_MEASURE_WITH_UNIT (LENGTH_MEASURE( 1.000000000000000100E-005 ), #2339, 'distance_accuracy_value', 'NONE');
#2564 = CARTESIAN_POINT ( 'NONE',  ( 0.0000000000000000000, 3.934998761554723900, -4.325757116223349900E-006 ) ) ;
#2565 = VECTOR ( 'NONE', #1838, 1000.000000000000000 ) ;
#2566 = ORIENTED_EDGE ( 'NONE', *, *, #1076, .F. ) ;
#2567 = VECTOR ( 'NONE', #2997, 1000.000000000000000 ) ;
#2568 = PLANE ( 'NONE',  #1989 ) ;
#2569 = EDGE_CURVE ( 'NONE', #693, #1481, #2504, .T. ) ;
#2570 = PRESENTATION_STYLE_ASSIGNMENT (( #2022 ) ) ;
#2571 = LINE ( 'NONE', #1288, #1351 ) ;
#2572 = UNCERTAINTY_MEASURE_WITH_UNIT (LENGTH_MEASURE( 1.000000000000000100E-005 ), #1268, 'distance_accuracy_value', 'NONE');
#2573 =( LENGTH_UNIT ( ) NAMED_UNIT ( * ) SI_UNIT ( .MILLI., .METRE. ) );
#2574 = AXIS2_PLACEMENT_3D ( 'NONE', #1325, #376, #859 ) ;
#2575 = ORIENTED_EDGE ( 'NONE', *, *, #146, .F. ) ;
#2576 = CARTESIAN_POINT ( 'NONE',  ( 0.7050000000000000700, 3.634998761554724100, 1.699995674242883700 ) ) ;
#2577 = DIRECTION ( 'NONE',  ( 0.4659810938585626800, 0.0000000000000000000, 0.8847946768411174600 ) ) ;
#2578 = PRODUCT_DEFINITION_FORMATION_WITH_SPECIFIED_SOURCE ( 'ANY', '', #2895, .NOT_KNOWN. ) ;
#2579 = DIRECTION ( 'NONE',  ( 0.0000000000000000000, 1.000000000000000000, 0.0000000000000000000 ) ) ;
#2580 = DIRECTION ( 'NONE',  ( 0.4290568145682860400, 0.0000000000000000000, -0.9032775043542906600 ) ) ;
#2581 = SURFACE_SIDE_STYLE ('',( #106 ) ) ;
#2582 = ORIENTED_EDGE ( 'NONE', *, *, #447, .F. ) ;
#2583 = CARTESIAN_POINT ( 'NONE',  ( 0.0000000000000000000, 3.934998761554723900, -4.325757116223349900E-006 ) ) ;
#2584 = EDGE_CURVE ( 'NONE', #155, #210, #2637, .T. ) ;
#2585 = VECTOR ( 'NONE', #76, 1000.000000000000000 ) ;
#2586 = CARTESIAN_POINT ( 'NONE',  ( -1.035000000000000100, -3.934998761554723900, 0.0000000000000000000 ) ) ;
#2587 = ORIENTED_EDGE ( 'NONE', *, *, #123, .T. ) ;
#2588 = VERTEX_POINT ( 'NONE', #2299 ) ;
#2589 = ORIENTED_EDGE ( 'NONE', *, *, #123, .F. ) ;
#2590 = ORIENTED_EDGE ( 'NONE', *, *, #634, .T. ) ;
#2591 = CARTESIAN_POINT ( 'NONE',  ( 0.9350000000000000500, 3.934998761554723900, -4.325757116223349900E-006 ) ) ;
#2592 = DIRECTION ( 'NONE',  ( 0.0000000000000000000, 0.0000000000000000000, -1.000000000000000000 ) ) ;
#2593 = EDGE_CURVE ( 'NONE', #2395, #693, #2777, .T. ) ;
#2594 = VECTOR ( 'NONE', #2817, 1000.000000000000000 ) ;
#2595 = ORIENTED_EDGE ( 'NONE', *, *, #451, .F. ) ;
#2596 = SURFACE_STYLE_FILL_AREA ( #1423 ) ;
#2597 = LINE ( 'NONE', #1420, #2146 ) ;
#2598 = DIRECTION ( 'NONE',  ( -0.4290568145682860400, 0.0000000000000000000, -0.9032775043542906600 ) ) ;
#2599 = EDGE_LOOP ( 'NONE', ( #2493, #216, #534, #263 ) ) ;
#2600 = LINE ( 'NONE', #2138, #657 ) ;
#2601 = ORIENTED_EDGE ( 'NONE', *, *, #1503, .F. ) ;
#2602 = LINE ( 'NONE', #1738, #947 ) ;
#2603 = DIRECTION ( 'NONE',  ( 0.0000000000000000000, 0.0000000000000000000, -1.000000000000000000 ) ) ;
#2604 = FILL_AREA_STYLE ('',( #92 ) ) ;
#2605 = ORIENTED_EDGE ( 'NONE', *, *, #160, .F. ) ;
#2606 = DIRECTION ( 'NONE',  ( 0.0000000000000000000, 0.0000000000000000000, -1.000000000000000000 ) ) ;
#2607 =( NAMED_UNIT ( * ) PLANE_ANGLE_UNIT ( ) SI_UNIT ( $, .RADIAN. ) );
#2608 = DIRECTION ( 'NONE',  ( 1.000000000000000000, 0.0000000000000000000, 0.0000000000000000000 ) ) ;
#2609 = PLANE ( 'NONE',  #946 ) ;
#2610 = LINE ( 'NONE', #1549, #2095 ) ;
#2611 = EDGE_LOOP ( 'NONE', ( #1694, #2445, #300, #2165, #2793, #680, #1171, #1852 ) ) ;
#2612 = CARTESIAN_POINT ( 'NONE',  ( 1.705000000000000100, -3.734998761554723800, -3.000004325757116100 ) ) ;
#2613 = DIRECTION ( 'NONE',  ( 0.0000000000000000000, 0.0000000000000000000, 1.000000000000000000 ) ) ;
#2614 = EDGE_CURVE ( 'NONE', #642, #2528, #582, .T. ) ;
#2615 = ADVANCED_FACE ( 'NONE', ( #1868 ), #1359, .F. ) ;
#2616 = ORIENTED_EDGE ( 'NONE', *, *, #501, .T. ) ;
#2617 = ORIENTED_EDGE ( 'NONE', *, *, #52, .T. ) ;
#2618 = ORIENTED_EDGE ( 'NONE', *, *, #2218, .F. ) ;
#2619 = FILL_AREA_STYLE ('',( #1229 ) ) ;
#2620 = DIRECTION ( 'NONE',  ( 1.000000000000000000, 0.0000000000000000000, 0.0000000000000000000 ) ) ;
#2621 = ORIENTED_EDGE ( 'NONE', *, *, #2954, .T. ) ;
#2622 = DIRECTION ( 'NONE',  ( 1.000000000000000000, 0.0000000000000000000, -0.0000000000000000000 ) ) ;
#2623 = ORIENTED_EDGE ( 'NONE', *, *, #897, .F. ) ;
#2624 = SURFACE_STYLE_FILL_AREA ( #2522 ) ;
#2625 = AXIS2_PLACEMENT_3D ( 'NONE', #588, #333, #323 ) ;
#2626 = DIRECTION ( 'NONE',  ( 1.084202172485504400E-015, 0.0000000000000000000, 1.000000000000000000 ) ) ;
#2627 = CARTESIAN_POINT ( 'NONE',  ( 0.0000000000000000000, 0.0000000000000000000, 0.5000000000000000000 ) ) ;
#2628 = DIRECTION ( 'NONE',  ( 0.0000000000000000000, 0.0000000000000000000, 1.000000000000000000 ) ) ;
#2629 = PLANE ( 'NONE',  #1875 ) ;
#2630 = MECHANICAL_DESIGN_GEOMETRIC_PRESENTATION_REPRESENTATION (  '', ( #44 ), #1244 ) ;
#2631 = VECTOR ( 'NONE', #2794, 1000.000000000000000 ) ;
#2632 = ORIENTED_EDGE ( 'NONE', *, *, #1832, .F. ) ;
#2633 = DIRECTION ( 'NONE',  ( -1.000000000000000000, -0.0000000000000000000, -0.0000000000000000000 ) ) ;
#2634 = DIRECTION ( 'NONE',  ( 0.0000000000000000000, 0.0000000000000000000, -1.000000000000000000 ) ) ;
#2635 = LINE ( 'NONE', #2044, #870 ) ;
#2636 = VERTEX_POINT ( 'NONE', #2535 ) ;
#2637 = CIRCLE ( 'NONE', #2297, 0.1000000000000000100 ) ;
#2638 = ADVANCED_FACE ( 'NONE', ( #2702 ), #2111, .F. ) ;
#2639 = VECTOR ( 'NONE', #1869, 1000.000000000000000 ) ;
#2640 = CARTESIAN_POINT ( 'NONE',  ( -1.705000000000000100, 3.934998761554723900, 1.799995674242883800 ) ) ;
#2641 = VECTOR ( 'NONE', #1822, 999.9999999999998900 ) ;
#2642 = EDGE_CURVE ( 'NONE', #2309, #1404, #2253, .T. ) ;
#2643 = SURFACE_STYLE_FILL_AREA ( #924 ) ;
#2644 = CARTESIAN_POINT ( 'NONE',  ( -1.400976387591222400, 3.934998761554723900, -3.000004325757116100 ) ) ;
#2645 = CARTESIAN_POINT ( 'NONE',  ( -2.389999999999999700, -3.200000000000000200, 1.850000000000000100 ) ) ;
#2646 = AXIS2_PLACEMENT_3D ( 'NONE', #1151, #2741, #2962 ) ;
#2647 = CARTESIAN_POINT ( 'NONE',  ( 0.7050000000000000700, 3.734998761554723800, 1.699995674242883700 ) ) ;
#2648 = CARTESIAN_POINT ( 'NONE',  ( 0.0000000000000000000, 0.0000000000000000000, 0.0000000000000000000 ) ) ;
#2649 = EDGE_LOOP ( 'NONE', ( #2575, #2448, #490, #2162, #2019, #569, #643, #1895, #1242, #2979, #395, #788, #2787 ) ) ;
#2650 = ADVANCED_FACE ( 'NONE', ( #402 ), #702, .F. ) ;
#2651 = EDGE_CURVE ( 'NONE', #1404, #1528, #762, .T. ) ;
#2652 = CYLINDRICAL_SURFACE ( 'NONE', #57, 0.1000000000000000100 ) ;
#2653 = EDGE_LOOP ( 'NONE', ( #1931, #622, #1508, #1274 ) ) ;
#2654 = DIRECTION ( 'NONE',  ( -0.4290568145682860400, 0.0000000000000000000, 0.9032775043542906600 ) ) ;
#2655 = ORIENTED_EDGE ( 'NONE', *, *, #766, .T. ) ;
#2656 = ORIENTED_EDGE ( 'NONE', *, *, #632, .F. ) ;
#2657 = ORIENTED_EDGE ( 'NONE', *, *, #2816, .T. ) ;
#2658 = CARTESIAN_POINT ( 'NONE',  ( -0.7050000000000000700, -3.084998761554723900, 1.999995674242884200 ) ) ;
#2659 = ORIENTED_EDGE ( 'NONE', *, *, #109, .F. ) ;
#2660 = ADVANCED_FACE ( 'NONE', ( #1556 ), #492, .F. ) ;
#2661 = CARTESIAN_POINT ( 'NONE',  ( -0.9350000000000000500, -3.734998761554723800, -0.1000043257571162200 ) ) ;
#2662 = SURFACE_STYLE_USAGE ( .BOTH. , #1995 ) ;
#2663 = EDGE_CURVE ( 'NONE', #1079, #629, #724, .T. ) ;
#2664 = VECTOR ( 'NONE', #110, 999.9999999999998900 ) ;
#2665 = ORIENTED_EDGE ( 'NONE', *, *, #1674, .F. ) ;
#2666 = CIRCLE ( 'NONE', #987, 0.7596378981193785400 ) ;
#2667 = COLOUR_RGB ( '',0.6274509803921568500, 0.6274509803921568500, 0.6274509803921568500 ) ;
#2668 =( NAMED_UNIT ( * ) SI_UNIT ( $, .STERADIAN. ) SOLID_ANGLE_UNIT ( ) );
#2669 = SURFACE_STYLE_FILL_AREA ( #1705 ) ;
#2670 = VERTEX_POINT ( 'NONE', #2334 ) ;
#2671 = PLANE ( 'NONE',  #1394 ) ;
#2672 = VECTOR ( 'NONE', #1230, 1000.000000000000000 ) ;
#2673 = DIRECTION ( 'NONE',  ( 0.0000000000000000000, 0.0000000000000000000, 1.000000000000000000 ) ) ;
#2674 = LINE ( 'NONE', #1990, #2431 ) ;
#2675 = DIRECTION ( 'NONE',  ( 0.0000000000000000000, 0.0000000000000000000, 1.000000000000000000 ) ) ;
#2676 = CARTESIAN_POINT ( 'NONE',  ( -0.7050000000000000700, -3.734998761554723800, 0.09999567424288377500 ) ) ;
#2677 = VERTEX_POINT ( 'NONE', #247 ) ;
#2678 = EDGE_CURVE ( 'NONE', #1732, #704, #1237, .T. ) ;
#2679 = CARTESIAN_POINT ( 'NONE',  ( -0.2315891255831992500, -1.851434140000000100, 3.100000000000000500 ) ) ;
#2680 = ADVANCED_FACE ( 'NONE', ( #2115 ), #1275, .T. ) ;
#2681 = CARTESIAN_POINT ( 'NONE',  ( 1.129999999999999700, -3.734998761554723800, -3.000004325757116100 ) ) ;
#2682 = CARTESIAN_POINT ( 'NONE',  ( -1.505000000000000100, 3.934998761554723900, 0.0000000000000000000 ) ) ;
#2683 = DIRECTION ( 'NONE',  ( 0.0000000000000000000, 0.0000000000000000000, 1.000000000000000000 ) ) ;
#2684 = FACE_OUTER_BOUND ( 'NONE', #2724, .T. ) ;
#2685 = DIRECTION ( 'NONE',  ( 1.000000000000000000, 0.0000000000000000000, 0.0000000000000000000 ) ) ;
#2686 = EDGE_LOOP ( 'NONE', ( #1473, #960, #156, #1256 ) ) ;
#2687 = DIRECTION ( 'NONE',  ( 1.000000000000000000, 0.0000000000000000000, 0.0000000000000000000 ) ) ;
#2688 = ORIENTED_EDGE ( 'NONE', *, *, #1180, .T. ) ;
#2689 = ORIENTED_EDGE ( 'NONE', *, *, #1365, .F. ) ;
#2690 = EDGE_LOOP ( 'NONE', ( #240, #1987, #861, #2959 ) ) ;
#2691 = CARTESIAN_POINT ( 'NONE',  ( -1.505000000000000100, 3.934998761554723900, -0.1000043257571162200 ) ) ;
#2692 = EDGE_CURVE ( 'NONE', #2309, #2064, #1415, .T. ) ;
#2693 = DIRECTION ( 'NONE',  ( 0.0000000000000000000, 0.0000000000000000000, 1.000000000000000000 ) ) ;
#2694 = VERTEX_POINT ( 'NONE', #2341 ) ;
#2695 = LINE ( 'NONE', #1560, #2866 ) ;
#2696 = DIRECTION ( 'NONE',  ( 0.0000000000000000000, 0.0000000000000000000, 1.000000000000000000 ) ) ;
#2697 = STYLED_ITEM ( 'NONE', ( #1263 ), #597 ) ;
#2698 = LINE ( 'NONE', #1245, #1930 ) ;
#2699 = EDGE_LOOP ( 'NONE', ( #314, #887, #459, #2411 ) ) ;
#2700 = CIRCLE ( 'NONE', #2406, 0.1000000000000000100 ) ;
#2701 = ORIENTED_EDGE ( 'NONE', *, *, #501, .F. ) ;
#2702 = FACE_OUTER_BOUND ( 'NONE', #50, .T. ) ;
#2703 = LINE ( 'NONE', #916, #1387 ) ;
#2704 = VECTOR ( 'NONE', #1194, 1000.000000000000000 ) ;
#2705 = PLANE ( 'NONE',  #853 ) ;
#2706 = AXIS2_PLACEMENT_3D ( 'NONE', #2648, #2927, #1327 ) ;
#2707 = VECTOR ( 'NONE', #556, 1000.000000000000000 ) ;
#2708 = DIRECTION ( 'NONE',  ( -1.000000000000000000, -0.0000000000000000000, -0.0000000000000000000 ) ) ;
#2709 =( NAMED_UNIT ( * ) PLANE_ANGLE_UNIT ( ) SI_UNIT ( $, .RADIAN. ) );
#2710 = VERTEX_POINT ( 'NONE', #502 ) ;
#2711 = EDGE_CURVE ( 'NONE', #2453, #45, #1202, .T. ) ;
#2712 = ORIENTED_EDGE ( 'NONE', *, *, #447, .T. ) ;
#2713 = MECHANICAL_DESIGN_GEOMETRIC_PRESENTATION_REPRESENTATION (  '', ( #2420 ), #558 ) ;
#2714 =( NAMED_UNIT ( * ) SI_UNIT ( $, .STERADIAN. ) SOLID_ANGLE_UNIT ( ) );
#2715 = EDGE_LOOP ( 'NONE', ( #2342, #1421, #595, #1304 ) ) ;
#2716 = ADVANCED_FACE ( 'NONE', ( #839 ), #1890, .F. ) ;
#2717 = CARTESIAN_POINT ( 'NONE',  ( 1.705000000000000100, -3.084998761554723900, 1.999995674242884200 ) ) ;
#2718 = CARTESIAN_POINT ( 'NONE',  ( 2.103048641745469900, 0.0000000000000000000, 0.5000000000000000000 ) ) ;
#2719 = LINE ( 'NONE', #586, #2488 ) ;
#2720 = AXIS2_PLACEMENT_3D ( 'NONE', #293, #2161, #1000 ) ;
#2721 = ORIENTED_EDGE ( 'NONE', *, *, #2416, .F. ) ;
#2722 = VERTEX_POINT ( 'NONE', #720 ) ;
#2723 = DIRECTION ( 'NONE',  ( -0.8853080702086840700, 0.0000000000000000000, -0.4650049686007405300 ) ) ;
#2724 = EDGE_LOOP ( 'NONE', ( #2534, #2725, #1782, #2142 ) ) ;
#2725 = ORIENTED_EDGE ( 'NONE', *, *, #2084, .F. ) ;
#2726 = CARTESIAN_POINT ( 'NONE',  ( 1.705000000000000100, 3.734998761554724200, 1.999995674242883700 ) ) ;
#2727 = EDGE_LOOP ( 'NONE', ( #122, #267, #1363, #2655 ) ) ;
#2728 = CARTESIAN_POINT ( 'NONE',  ( -0.7050000000000000700, -3.634998761554724100, 1.799995674242883500 ) ) ;
#2729 = EDGE_CURVE ( 'NONE', #494, #1232, #2600, .T. ) ;
#2730 = CARTESIAN_POINT ( 'NONE',  ( 1.505000000000000100, -3.734998761554723800, -2.812418705823278100 ) ) ;
#2731 = STYLED_ITEM ( 'NONE', ( #2113 ), #774 ) ;
#2732 = ADVANCED_FACE ( 'NONE', ( #2182 ), #732, .T. ) ;
#2733 = VECTOR ( 'NONE', #1058, 1000.000000000000000 ) ;
#2734 = ORIENTED_EDGE ( 'NONE', *, *, #2532, .F. ) ;
#2735 = VECTOR ( 'NONE', #1455, 1000.000000000000000 ) ;
#2736 = PRESENTATION_STYLE_ASSIGNMENT (( #1918 ) ) ;
#2737 = CARTESIAN_POINT ( 'NONE',  ( 1.505000000000000100, 3.734998761554723800, -3.000004325757116100 ) ) ;
#2738 = VECTOR ( 'NONE', #716, 1000.000000000000000 ) ;
#2739 = LINE ( 'NONE', #985, #2735 ) ;
#2740 = AXIS2_PLACEMENT_3D ( 'NONE', #1637, #2803, #2994 ) ;
#2741 = DIRECTION ( 'NONE',  ( -1.000000000000000000, 0.0000000000000000000, 0.0000000000000000000 ) ) ;
#2742 = DIRECTION ( 'NONE',  ( 0.0000000000000000000, 0.0000000000000000000, -1.000000000000000000 ) ) ;
#2743 = CARTESIAN_POINT ( 'NONE',  ( 0.7050000000000000700, 3.734998761554724200, 1.799995674242883800 ) ) ;
#2744 = EDGE_CURVE ( 'NONE', #2274, #2130, #178, .T. ) ;
#2745 = DIRECTION ( 'NONE',  ( -1.000000000000000000, -0.0000000000000000000, -0.0000000000000000000 ) ) ;
#2746 = CARTESIAN_POINT ( 'NONE',  ( 1.705000000000000100, 3.934998761554723900, 0.09999567424288381700 ) ) ;
#2747 = ADVANCED_FACE ( 'NONE', ( #1349 ), #2425, .F. ) ;
#2748 = VERTEX_POINT ( 'NONE', #2386 ) ;
#2749 =( GEOMETRIC_REPRESENTATION_CONTEXT ( 3 ) GLOBAL_UNCERTAINTY_ASSIGNED_CONTEXT ( ( #952 ) ) GLOBAL_UNIT_ASSIGNED_CONTEXT ( ( #351, #1974, #574 ) ) REPRESENTATION_CONTEXT ( 'NONE', 'WORKASPACE' ) );
#2750 = CLOSED_SHELL ( 'NONE', ( #2896, #2638, #631, #1837, #2947, #1493, #1093, #1564, #794, #63, #1372, #1945, #1119, #551, #2039, #2466, #181, #2615, #2011 ) ) ;
#2751 = DIRECTION ( 'NONE',  ( 0.0000000000000000000, 0.0000000000000000000, 1.000000000000000000 ) ) ;
#2752 = LINE ( 'NONE', #1087, #1462 ) ;
#2753 = AXIS2_PLACEMENT_3D ( 'NONE', #360, #2408, #2872 ) ;
#2754 = DIRECTION ( 'NONE',  ( 0.0000000000000000000, 0.0000000000000000000, 1.000000000000000000 ) ) ;
#2755 = ORIENTED_EDGE ( 'NONE', *, *, #1794, .T. ) ;
#2756 = CARTESIAN_POINT ( 'NONE',  ( -0.7050000000000000700, -3.084998761554723900, 1.799995674242883500 ) ) ;
#2757 = ORIENTED_EDGE ( 'NONE', *, *, #1056, .F. ) ;
#2758 = VERTEX_POINT ( 'NONE', #1939 ) ;
#2759 = DIRECTION ( 'NONE',  ( -0.4290568145682860400, 0.0000000000000000000, 0.9032775043542906600 ) ) ;
#2760 = ORIENTED_EDGE ( 'NONE', *, *, #2394, .T. ) ;
#2761 = ORIENTED_EDGE ( 'NONE', *, *, #2134, .T. ) ;
#2762 = ORIENTED_EDGE ( 'NONE', *, *, #2924, .F. ) ;
#2763 = CARTESIAN_POINT ( 'NONE',  ( 0.7050000000000000700, -3.734998761554723800, -3.000004325757116100 ) ) ;
#2764 = DIRECTION ( 'NONE',  ( 0.0000000000000000000, 0.0000000000000000000, 1.000000000000000000 ) ) ;
#2765 = LINE ( 'NONE', #814, #2107 ) ;
#2766 = DIRECTION ( 'NONE',  ( -0.4659810938585625700, 0.0000000000000000000, -0.8847946768411174600 ) ) ;
#2767 = EDGE_CURVE ( 'NONE', #1814, #1756, #25, .T. ) ;
#2768 = UNCERTAINTY_MEASURE_WITH_UNIT (LENGTH_MEASURE( 1.000000000000000100E-005 ), #1668, 'distance_accuracy_value', 'NONE');
#2769 = LINE ( 'NONE', #1490, #2176 ) ;
#2770 = EDGE_LOOP ( 'NONE', ( #1950, #1001, #2656, #1186 ) ) ;
#2771 = DIRECTION ( 'NONE',  ( -0.0000000000000000000, -1.000000000000000000, -0.0000000000000000000 ) ) ;
#2772 = CIRCLE ( 'NONE', #2368, 0.09999999999999961700 ) ;
#2773 = VECTOR ( 'NONE', #2091, 1000.000000000000000 ) ;
#2774 = CARTESIAN_POINT ( 'NONE',  ( 1.605000000000000000, 3.734998761554723800, -4.325757116333559900E-006 ) ) ;
#2775 = EDGE_CURVE ( 'NONE', #1065, #1756, #2082, .T. ) ;
#2776 = ORIENTED_EDGE ( 'NONE', *, *, #2226, .F. ) ;
#2777 = LINE ( 'NONE', #452, #1384 ) ;
#2778 = FACE_OUTER_BOUND ( 'NONE', #2865, .T. ) ;
#2779 = AXIS2_PLACEMENT_3D ( 'NONE', #259, #487, #28 ) ;
#2780 = CARTESIAN_POINT ( 'NONE',  ( 0.7050000000000000700, -3.934998761554723900, -3.000004325757116100 ) ) ;
#2781 = VERTEX_POINT ( 'NONE', #287 ) ;
#2782 = DIRECTION ( 'NONE',  ( 0.0000000000000000000, -1.000000000000000000, -6.672013369141566200E-016 ) ) ;
#2783 = SURFACE_SIDE_STYLE ('',( #2596 ) ) ;
#2784 = CARTESIAN_POINT ( 'NONE',  ( -1.505000000000000100, 3.934998761554723900, -2.801957100939561400 ) ) ;
#2785 = EDGE_CURVE ( 'NONE', #2670, #155, #1452, .T. ) ;
#2786 = EDGE_LOOP ( 'NONE', ( #1681, #1469, #2527, #647 ) ) ;
#2787 = ORIENTED_EDGE ( 'NONE', *, *, #2173, .F. ) ;
#2788 = DIRECTION ( 'NONE',  ( 0.0000000000000000000, 0.0000000000000000000, -1.000000000000000000 ) ) ;
#2789 = AXIS2_PLACEMENT_3D ( 'NONE', #2496, #1115, #2940 ) ;
#2790 = VECTOR ( 'NONE', #2654, 1000.000000000000000 ) ;
#2791 = SURFACE_STYLE_USAGE ( .BOTH. , #1654 ) ;
#2792 = VERTEX_POINT ( 'NONE', #557 ) ;
#2793 = ORIENTED_EDGE ( 'NONE', *, *, #1985, .F. ) ;
#2794 = DIRECTION ( 'NONE',  ( 0.0000000000000000000, -1.000000000000000000, 0.0000000000000000000 ) ) ;
#2795 = ORIENTED_EDGE ( 'NONE', *, *, #2120, .T. ) ;
#2796 = ORIENTED_EDGE ( 'NONE', *, *, #1180, .F. ) ;
#2797 = CYLINDRICAL_SURFACE ( 'NONE', #2050, 0.7596378981193785400 ) ;
#2798 = FILL_AREA_STYLE_COLOUR ( '', #2918 ) ;
#2799 = DIRECTION ( 'NONE',  ( 0.0000000000000000000, 1.000000000000000000, 0.0000000000000000000 ) ) ;
#2800 = EDGE_CURVE ( 'NONE', #2280, #12, #2987, .T. ) ;
#2801 = DIRECTION ( 'NONE',  ( 0.0000000000000000000, 0.0000000000000000000, -1.000000000000000000 ) ) ;
#2802 = VECTOR ( 'NONE', #2349, 1000.000000000000000 ) ;
#2803 = DIRECTION ( 'NONE',  ( -1.000000000000000000, -0.0000000000000000000, 0.0000000000000000000 ) ) ;
#2804 = FACE_OUTER_BOUND ( 'NONE', #1598, .T. ) ;
#2805 = VERTEX_POINT ( 'NONE', #2818 ) ;
#2806 = LINE ( 'NONE', #1678, #2879 ) ;
#2807 = DIRECTION ( 'NONE',  ( 0.0000000000000000000, 1.000000000000000000, 0.0000000000000000000 ) ) ;
#2808 = PRESENTATION_LAYER_ASSIGNMENT (  '', '', ( #1799 ) ) ;
#2809 = LINE ( 'NONE', #2916, #2955 ) ;
#2810 = CIRCLE ( 'NONE', #1646, 0.1000000000000000100 ) ;
#2811 = DIRECTION ( 'NONE',  ( 0.0000000000000000000, 0.0000000000000000000, 1.000000000000000000 ) ) ;
#2812 = VECTOR ( 'NONE', #2418, 1000.000000000000000 ) ;
#2813 = EDGE_CURVE ( 'NONE', #804, #2371, #1164, .T. ) ;
#2814 = PRESENTATION_LAYER_ASSIGNMENT (  '', '', ( #2420 ) ) ;
#2815 = DIRECTION ( 'NONE',  ( 0.0000000000000000000, 6.672013369141566200E-016, -1.000000000000000000 ) ) ;
#2816 = EDGE_CURVE ( 'NONE', #2758, #2181, #2837, .T. ) ;
#2817 = DIRECTION ( 'NONE',  ( -1.000000000000000000, 0.0000000000000000000, -0.0000000000000000000 ) ) ;
#2818 = CARTESIAN_POINT ( 'NONE',  ( 1.406207190033080400, 3.734998761554723800, -3.000004325757116100 ) ) ;
#2819 = ORIENTED_EDGE ( 'NONE', *, *, #1141, .T. ) ;
#2820 = EDGE_CURVE ( 'NONE', #1065, #885, #757, .T. ) ;
#2821 = VECTOR ( 'NONE', #550, 1000.000000000000000 ) ;
#2822 = SURFACE_SIDE_STYLE ('',( #2669 ) ) ;
#2823 = ORIENTED_EDGE ( 'NONE', *, *, #96, .F. ) ;
#2824 = MECHANICAL_DESIGN_GEOMETRIC_PRESENTATION_REPRESENTATION (  '', ( #39 ), #1707 ) ;
#2825 = VERTEX_POINT ( 'NONE', #759 ) ;
#2826 = ORIENTED_EDGE ( 'NONE', *, *, #847, .T. ) ;
#2827 = ORIENTED_EDGE ( 'NONE', *, *, #2941, .T. ) ;
#2828 = ORIENTED_EDGE ( 'NONE', *, *, #658, .F. ) ;
#2829 = ORIENTED_EDGE ( 'NONE', *, *, #754, .T. ) ;
#2830 = ORIENTED_EDGE ( 'NONE', *, *, #339, .F. ) ;
#2831 = CARTESIAN_POINT ( 'NONE',  ( 1.605000000000000000, -3.734998761554723800, -4.325757116211104400E-006 ) ) ;
#2832 = PLANE ( 'NONE',  #734 ) ;
#2833 = FACE_OUTER_BOUND ( 'NONE', #2501, .T. ) ;
#2834 = CARTESIAN_POINT ( 'NONE',  ( -1.605000000000000000, 3.934998761554723900, 0.09999567424288381700 ) ) ;
#2835 = ADVANCED_FACE ( 'NONE', ( #436 ), #1627, .T. ) ;
#2836 = ORIENTED_EDGE ( 'NONE', *, *, #2980, .F. ) ;
#2837 = LINE ( 'NONE', #982, #2537 ) ;
#2838 = EDGE_CURVE ( 'NONE', #2181, #2130, #1447, .T. ) ;
#2839 = ORIENTED_EDGE ( 'NONE', *, *, #2328, .F. ) ;
#2840 = CYLINDRICAL_SURFACE ( 'NONE', #1876, 0.2000000000000000900 ) ;
#2841 = DIRECTION ( 'NONE',  ( 1.000000000000000000, -0.0000000000000000000, -0.0000000000000000000 ) ) ;
#2842 = LINE ( 'NONE', #1111, #1488 ) ;
#2843 = LINE ( 'NONE', #1413, #1903 ) ;
#2844 = DIRECTION ( 'NONE',  ( 1.000000000000000000, 0.0000000000000000000, -0.0000000000000000000 ) ) ;
#2845 = DIRECTION ( 'NONE',  ( 0.0000000000000000000, 0.0000000000000000000, 1.000000000000000000 ) ) ;
#2846 = DIRECTION ( 'NONE',  ( 0.0000000000000000000, 0.0000000000000000000, 1.000000000000000000 ) ) ;
#2847 = VECTOR ( 'NONE', #818, 1000.000000000000000 ) ;
#2848 = PLANE ( 'NONE',  #1947 ) ;
#2849 = CARTESIAN_POINT ( 'NONE',  ( 1.129999999999999700, 3.934998761554723900, -3.000004325757116100 ) ) ;
#2850 = CARTESIAN_POINT ( 'NONE',  ( -1.705000000000000100, -3.084998761554723900, 1.799995674242883500 ) ) ;
#2851 = DIRECTION ( 'NONE',  ( 0.9781476007338055800, 0.0000000000000000000, 0.2079116908177597900 ) ) ;
#2852 = ADVANCED_FACE ( 'NONE', ( #280 ), #1052, .F. ) ;
#2853 = CARTESIAN_POINT ( 'NONE',  ( -0.7050000000000000700, -3.634998761554724100, 1.699995674242883700 ) ) ;
#2854 = DIRECTION ( 'NONE',  ( -0.0000000000000000000, 1.000000000000000000, -0.0000000000000000000 ) ) ;
#2855 = CARTESIAN_POINT ( 'NONE',  ( 1.705000000000000100, -3.734998761554724200, 1.799995674242883800 ) ) ;
#2856 = ORIENTED_EDGE ( 'NONE', *, *, #183, .T. ) ;
#2857 = CARTESIAN_POINT ( 'NONE',  ( 0.8050000000000001600, 3.934998761554723900, 0.09999567424288377500 ) ) ;
#2858 =( NAMED_UNIT ( * ) SI_UNIT ( $, .STERADIAN. ) SOLID_ANGLE_UNIT ( ) );
#2859 = EDGE_CURVE ( 'NONE', #2889, #964, #690, .T. ) ;
#2860 = ORIENTED_EDGE ( 'NONE', *, *, #2286, .F. ) ;
#2861 = VERTEX_POINT ( 'NONE', #1012 ) ;
#2862 = CARTESIAN_POINT ( 'NONE',  ( 0.7050000000000000700, 3.084998761554723900, 1.999995674242884200 ) ) ;
#2863 = CARTESIAN_POINT ( 'NONE',  ( -1.035000000000000100, 3.734998761554723800, -2.800004325757116300 ) ) ;
#2864 = CARTESIAN_POINT ( 'NONE',  ( 0.7050000000000000700, -3.934998761554723900, 1.799995674242883800 ) ) ;
#2865 = EDGE_LOOP ( 'NONE', ( #2463, #544, #2616, #648 ) ) ;
#2866 = VECTOR ( 'NONE', #364, 1000.000000000000000 ) ;
#2867 = STYLED_ITEM ( 'NONE', ( #438 ), #1710 ) ;
#2868 = ADVANCED_FACE ( 'NONE', ( #140 ), #778, .F. ) ;
#2869 = PLANE ( 'NONE',  #2362 ) ;
#2870 = CARTESIAN_POINT ( 'NONE',  ( -1.705000000000000100, -3.934998761554723900, 0.09999567424288381700 ) ) ;
#2871 = DIRECTION ( 'NONE',  ( 1.000000000000000000, 0.0000000000000000000, 0.0000000000000000000 ) ) ;
#2872 = DIRECTION ( 'NONE',  ( 0.0000000000000000000, -1.000000000000000000, 6.672013369141566200E-016 ) ) ;
#2873 = DIRECTION ( 'NONE',  ( 1.000000000000000000, -0.0000000000000000000, -0.0000000000000000000 ) ) ;
#2874 = LINE ( 'NONE', #1283, #2664 ) ;
#2875 = FACE_OUTER_BOUND ( 'NONE', #1941, .T. ) ;
#2876 = ORIENTED_EDGE ( 'NONE', *, *, #1561, .F. ) ;
#2877 = DIRECTION ( 'NONE',  ( -1.000000000000000000, -0.0000000000000000000, -0.0000000000000000000 ) ) ;
#2878 = FACE_OUTER_BOUND ( 'NONE', #2978, .T. ) ;
#2879 = VECTOR ( 'NONE', #1442, 1000.000000000000000 ) ;
#2880 = EDGE_CURVE ( 'NONE', #47, #45, #2079, .T. ) ;
#2881 = ADVANCED_FACE ( 'NONE', ( #1380 ), #989, .T. ) ;
#2882 = CARTESIAN_POINT ( 'NONE',  ( -0.7050000000000000700, 3.084998761554723900, 1.799995674242883500 ) ) ;
#2883 = AXIS2_PLACEMENT_3D ( 'NONE', #2397, #1926, #2592 ) ;
#2884 = DIRECTION ( 'NONE',  ( 0.0000000000000000000, 0.0000000000000000000, 1.000000000000000000 ) ) ;
#2885 = DIRECTION ( 'NONE',  ( 0.0000000000000000000, 0.0000000000000000000, 1.000000000000000000 ) ) ;
#2886 = CARTESIAN_POINT ( 'NONE',  ( 1.505000000000000100, 3.934998761554723900, -2.812418705823278100 ) ) ;
#2887 = DIRECTION ( 'NONE',  ( 0.0000000000000000000, 0.0000000000000000000, 1.000000000000000000 ) ) ;
#2888 =( NAMED_UNIT ( * ) PLANE_ANGLE_UNIT ( ) SI_UNIT ( $, .RADIAN. ) );
#2889 = VERTEX_POINT ( 'NONE', #73 ) ;
#2890 = EDGE_CURVE ( 'NONE', #2976, #1040, #1552, .T. ) ;
#2891 = DIRECTION ( 'NONE',  ( -0.0000000000000000000, -1.000000000000000000, -0.0000000000000000000 ) ) ;
#2892 = DIRECTION ( 'NONE',  ( -0.0000000000000000000, 1.000000000000000000, -0.0000000000000000000 ) ) ;
#2893 = CARTESIAN_POINT ( 'NONE',  ( -2.389999999999999700, 3.200000000000000200, 1.850000000000000100 ) ) ;
#2894 = LINE ( 'NONE', #1494, #563 ) ;
#2895 = PRODUCT ( 'dip4pin', 'dip4pin', '', ( #2264 ) ) ;
#2896 = ADVANCED_FACE ( 'NONE', ( #1863 ), #1536, .F. ) ;
#2897 = EDGE_CURVE ( 'NONE', #270, #704, #619, .T. ) ;
#2898 = PLANE ( 'NONE',  #485 ) ;
#2899 = ORIENTED_EDGE ( 'NONE', *, *, #1769, .T. ) ;
#2900 = ORIENTED_EDGE ( 'NONE', *, *, #2025, .F. ) ;
#2901 = ORIENTED_EDGE ( 'NONE', *, *, #1886, .T. ) ;
#2902 = ORIENTED_EDGE ( 'NONE', *, *, #52, .F. ) ;
#2903 = DIRECTION ( 'NONE',  ( 0.0000000000000000000, 1.000000000000000000, -6.672013369141566200E-016 ) ) ;
#2904 = AXIS2_PLACEMENT_3D ( 'NONE', #1339, #1801, #2911 ) ;
#2905 = ORIENTED_EDGE ( 'NONE', *, *, #616, .T. ) ;
#2906 = EDGE_LOOP ( 'NONE', ( #1128, #2830, #2587, #2901 ) ) ;
#2907 = EDGE_CURVE ( 'NONE', #532, #2758, #2772, .T. ) ;
#2908 = DIRECTION ( 'NONE',  ( -1.000000000000000000, 0.0000000000000000000, -0.0000000000000000000 ) ) ;
#2909 = CARTESIAN_POINT ( 'NONE',  ( 1.253948196861610400, 3.734998761554723800, -3.289110361248322800 ) ) ;
#2910 = AXIS2_PLACEMENT_3D ( 'NONE', #89, #1517, #2845 ) ;
#2911 = DIRECTION ( 'NONE',  ( 0.0000000000000000000, 0.0000000000000000000, 1.000000000000000000 ) ) ;
#2912 = CARTESIAN_POINT ( 'NONE',  ( -0.9350000000000000500, 3.934998761554723900, -0.1000043257571162200 ) ) ;
#2913 = LINE ( 'NONE', #1788, #2320 ) ;
#2914 = ORIENTED_EDGE ( 'NONE', *, *, #1515, .F. ) ;
#2915 = FACE_OUTER_BOUND ( 'NONE', #1881, .T. ) ;
#2916 = CARTESIAN_POINT ( 'NONE',  ( 1.129999999999999700, -3.934998761554723900, -3.000004325757116100 ) ) ;
#2917 = MECHANICAL_DESIGN_GEOMETRIC_PRESENTATION_REPRESENTATION (  '', ( #2559 ), #32 ) ;
#2918 = COLOUR_RGB ( '',0.6274509803921568500, 0.6274509803921568500, 0.6274509803921568500 ) ;
#2919 = VERTEX_POINT ( 'NONE', #580 ) ;
#2920 = VECTOR ( 'NONE', #431, 1000.000000000000000 ) ;
#2921 = LINE ( 'NONE', #2737, #2048 ) ;
#2922 = VECTOR ( 'NONE', #2516, 1000.000000000000000 ) ;
#2923 = EDGE_CURVE ( 'NONE', #1223, #2710, #2385, .T. ) ;
#2924 = EDGE_CURVE ( 'NONE', #1912, #2710, #1233, .T. ) ;
#2925 = AXIS2_PLACEMENT_3D ( 'NONE', #2160, #758, #1240 ) ;
#2926 = DIRECTION ( 'NONE',  ( -1.000000000000000000, 0.0000000000000000000, 0.0000000000000000000 ) ) ;
#2927 = DIRECTION ( 'NONE',  ( 0.0000000000000000000, 0.0000000000000000000, 1.000000000000000000 ) ) ;
#2928 = ADVANCED_FACE ( 'NONE', ( #2915 ), #937, .T. ) ;
#2929 = DIRECTION ( 'NONE',  ( 0.0000000000000000000, 1.000000000000000000, 0.0000000000000000000 ) ) ;
#2930 = DIRECTION ( 'NONE',  ( -0.0000000000000000000, 1.000000000000000000, -0.0000000000000000000 ) ) ;
#2931 = STYLED_ITEM ( 'NONE', ( #623 ), #2482 ) ;
#2932 = ORIENTED_EDGE ( 'NONE', *, *, #1599, .T. ) ;
#2933 = FACE_OUTER_BOUND ( 'NONE', #2611, .T. ) ;
#2934 = SURFACE_SIDE_STYLE ('',( #1634 ) ) ;
#2935 = DIRECTION ( 'NONE',  ( -0.0000000000000000000, 0.0000000000000000000, 1.000000000000000000 ) ) ;
#2936 = LINE ( 'NONE', #1586, #528 ) ;
#2937 = APPLICATION_CONTEXT ( 'automotive_design' ) ;
#2938 = EDGE_LOOP ( 'NONE', ( #2939, #1611, #524, #304 ) ) ;
#2939 = ORIENTED_EDGE ( 'NONE', *, *, #2338, .T. ) ;
#2940 = DIRECTION ( 'NONE',  ( 0.0000000000000000000, 0.0000000000000000000, 1.000000000000000000 ) ) ;
#2941 = EDGE_CURVE ( 'NONE', #784, #1102, #2953, .T. ) ;
#2942 = VERTEX_POINT ( 'NONE', #1763 ) ;
#2943 = ORIENTED_EDGE ( 'NONE', *, *, #352, .F. ) ;
#2944 = CIRCLE ( 'NONE', #2964, 0.1000000000000000100 ) ;
#2945 = FILL_AREA_STYLE ('',( #898 ) ) ;
#2946 = AXIS2_PLACEMENT_3D ( 'NONE', #118, #2417, #2202 ) ;
#2947 = ADVANCED_FACE ( 'NONE', ( #474 ), #2143, .T. ) ;
#2948 = CARTESIAN_POINT ( 'NONE',  ( 0.7050000000000000700, 3.084998761554723900, 1.799995674242883500 ) ) ;
#2949 = CARTESIAN_POINT ( 'NONE',  ( -2.389999999999999700, 3.200000000000000200, 1.850000000000000100 ) ) ;
#2950 = COLOUR_RGB ( '',0.2509803921568627400, 0.2509803921568627400, 0.2509803921568627400 ) ;
#2951 = LINE ( 'NONE', #5, #2358 ) ;
#2952 = ORIENTED_EDGE ( 'NONE', *, *, #959, .T. ) ;
#2953 = CIRCLE ( 'NONE', #1635, 0.09999999999999961700 ) ;
#2954 = EDGE_CURVE ( 'NONE', #719, #1972, #975, .T. ) ;
#2955 = VECTOR ( 'NONE', #2481, 1000.000000000000000 ) ;
#2956 = CARTESIAN_POINT ( 'NONE',  ( 1.406207190033080400, 3.934998761554723900, -3.000004325757116100 ) ) ;
#2957 = LINE ( 'NONE', #1982, #2847 ) ;
#2958 =( LENGTH_UNIT ( ) NAMED_UNIT ( * ) SI_UNIT ( .MILLI., .METRE. ) );
#2959 = ORIENTED_EDGE ( 'NONE', *, *, #36, .F. ) ;
#2960 = CARTESIAN_POINT ( 'NONE',  ( 1.505000000000000100, 3.934998761554723900, -2.812418705823278100 ) ) ;
#2961 = ADVANCED_FACE ( 'NONE', ( #315 ), #599, .F. ) ;
#2962 = DIRECTION ( 'NONE',  ( 0.0000000000000000000, 0.0000000000000000000, 1.000000000000000000 ) ) ;
#2963 = FILL_AREA_STYLE_COLOUR ( '', #1395 ) ;
#2964 = AXIS2_PLACEMENT_3D ( 'NONE', #2661, #1766, #398 ) ;
#2965 = PLANE ( 'NONE',  #810 ) ;
#2966 =( GEOMETRIC_REPRESENTATION_CONTEXT ( 3 ) GLOBAL_UNCERTAINTY_ASSIGNED_CONTEXT ( ( #1284 ) ) GLOBAL_UNIT_ASSIGNED_CONTEXT ( ( #2088, #226, #476 ) ) REPRESENTATION_CONTEXT ( 'NONE', 'WORKASPACE' ) );
#2967 = ORIENTED_EDGE ( 'NONE', *, *, #2523, .T. ) ;
#2968 = EDGE_CURVE ( 'NONE', #1756, #2722, #1482, .T. ) ;
#2969 = CARTESIAN_POINT ( 'NONE',  ( 0.7050000000000000700, -3.084998761554723900, 1.799995674242883500 ) ) ;
#2970 = CIRCLE ( 'NONE', #2010, 0.1000000000000000100 ) ;
#2971 = CARTESIAN_POINT ( 'NONE',  ( -1.035000000000000100, 3.734998761554723800, -3.000004325757116100 ) ) ;
#2972 = EDGE_LOOP ( 'NONE', ( #2189, #917, #2712, #1511 ) ) ;
#2973 = DIRECTION ( 'NONE',  ( 0.0000000000000000000, -1.000000000000000000, -0.0000000000000000000 ) ) ;
#2974 = ORIENTED_EDGE ( 'NONE', *, *, #2246, .F. ) ;
#2975 = ORIENTED_EDGE ( 'NONE', *, *, #897, .T. ) ;
#2976 = VERTEX_POINT ( 'NONE', #571 ) ;
#2977 = DIRECTION ( 'NONE',  ( 0.0000000000000000000, 0.0000000000000000000, -1.000000000000000000 ) ) ;
#2978 = EDGE_LOOP ( 'NONE', ( #2000, #1934, #23, #1507 ) ) ;
#2979 = ORIENTED_EDGE ( 'NONE', *, *, #1342, .T. ) ;
#2980 = EDGE_CURVE ( 'NONE', #1996, #243, #1745, .T. ) ;
#2981 = CARTESIAN_POINT ( 'NONE',  ( 1.129999999999999700, 3.934998761554723900, -3.000004325757116100 ) ) ;
#2982 = VECTOR ( 'NONE', #2908, 1000.000000000000000 ) ;
#2983 = ORIENTED_EDGE ( 'NONE', *, *, #1783, .F. ) ;
#2984 = VECTOR ( 'NONE', #337, 1000.000000000000000 ) ;
#2985 = PLANE ( 'NONE',  #1192 ) ;
#2986 = ORIENTED_EDGE ( 'NONE', *, *, #1721, .T. ) ;
#2987 = LINE ( 'NONE', #768, #2047 ) ;
#2988 = STYLED_ITEM ( 'NONE', ( #2506 ), #2167 ) ;
#2989 = SURFACE_STYLE_FILL_AREA ( #1789 ) ;
#2990 = CARTESIAN_POINT ( 'NONE',  ( 1.035000000000000100, 3.734998761554723800, -0.1000043257571162200 ) ) ;
#2991 = LINE ( 'NONE', #2330, #2392 ) ;
#2992 = ORIENTED_EDGE ( 'NONE', *, *, #2374, .T. ) ;
#2993 = DIRECTION ( 'NONE',  ( 0.0000000000000000000, 0.0000000000000000000, 1.000000000000000000 ) ) ;
#2994 = DIRECTION ( 'NONE',  ( 0.0000000000000000000, 0.0000000000000000000, 1.000000000000000000 ) ) ;
#2995 = EDGE_CURVE ( 'NONE', #45, #2303, #2700, .T. ) ;
#2996 = CARTESIAN_POINT ( 'NONE',  ( 1.605000000000000000, 3.934998761554723900, -4.325757116211104400E-006 ) ) ;
#2997 = DIRECTION ( 'NONE',  ( -1.000000000000000000, 0.0000000000000000000, -0.0000000000000000000 ) ) ;
ENDSEC;
END-ISO-10303-21;
